,Date,Close,High,Low,Open,Volume
0,2020-01-06,150.9960174560547,151.06248810455452,148.6033204049661,149.1445317269712,20813700
1,2020-01-07,149.6193084716797,151.6037214882425,149.37244847759914,151.27141162943474,21634100
2,2020-01-08,152.00250244140625,152.67664073690742,149.97061244271396,150.9011003331217,27746500
3,2020-01-09,153.9014434814453,154.02488070506504,152.89499547083327,153.66407312090712,21385000
4,2020-01-10,153.1892852783203,154.9743144766268,153.0373648172022,154.5945278117641,20725900
5,2020-01-13,155.03134155273438,155.0598248393225,153.11338482415076,153.58812558453712,21626500
6,2020-01-14,153.93942260742188,155.33516141166606,153.55013175988464,155.13576394480137,23477400
7,2020-01-15,154.93634033203125,155.6579553399232,154.35717068949413,154.40463316070066,21417900
8,2020-01-16,157.7753448486328,157.841815510258,155.7434549443291,156.04729598957823,23865400
9,2020-01-17,158.65835571289062,159.00965921241536,157.07270894577653,158.9621822424408,34371700
10,2020-01-21,158.0885772705078,159.69320238489578,158.02210665018194,158.25947688632385,29517200
11,2020-01-22,157.32907104492188,159.02865092857752,157.31007735957985,158.94318658850688,24138800
12,2020-01-23,158.2975311279297,158.37349137414458,156.92078607413185,157.7943071736997,19680800
13,2020-01-24,156.70240783691406,159.06662179825054,156.14221727387803,159.04762811314887,24918100
14,2020-01-27,154.08181762695312,155.12625280753838,152.1068948687137,153.00889916761867,32078100
15,2020-01-28,157.1011962890625,157.386029114127,154.83193635911937,155.50606002902032,24899900
16,2020-01-29,159.55079650878906,160.2249344595756,157.3195246327777,159.36090318775666,34754500
17,2020-01-30,164.0513916015625,165.2572370102274,162.16191844057855,165.2572370102274,51597500
18,2020-01-31,161.63018798828125,163.69056054766398,161.01303097531772,163.51017128130383,36142700
19,2020-02-03,165.57058715820312,165.6845203010666,161.7916403899352,161.82012367565108,30107000
20,2020-02-04,171.0205841064453,171.51431848810714,167.4030623122053,168.1911336080325,36433300
21,2020-02-05,170.81170654296875,174.8944796632022,169.3969884590293,174.73306955574307,39186300
22,2020-02-06,174.35324096679688,174.5336447165649,170.96358605909285,171.82761744591156,27751400
23,2020-02-07,174.60008239746094,176.252184760215,173.26131054253605,173.61262840836807,33529100
24,2020-02-10,179.16709899902344,179.30002578710295,173.9924293723042,174.30575990590592,35844300
25,2020-02-11,175.12234497070312,181.06609308949365,174.22983017110295,181.01861612373997,53159900
26,2020-02-12,175.37869262695312,176.4611007006087,172.6631756017562,176.2047366998145,47062900
27,2020-02-13,174.42922973632812,176.82191236947082,173.6316543706779,173.83105183407446,35295800
28,2020-02-14,175.98638916015625,176.04335572798814,173.42277770422567,173.99247235841844,23149500
29,2020-02-18,177.77139282226562,178.2176502251347,176.12879410902988,176.23323763923193,27792200
30,2020-02-19,178.3044891357422,179.16135026871905,177.5333112105626,179.04710599165605,29997500
31,2020-02-20,175.58163452148438,178.2760079740867,172.42075371010682,177.99038262590284,36862400
32,2020-02-21,170.03103637695312,174.70572716816383,168.75525962156425,174.39154073840234,48572600
33,2020-02-24,162.7000732421875,166.18467073776185,155.40717628325572,159.72960430957176,68311100
34,2020-02-25,160.01519775390625,166.46073285003268,159.61531360581694,165.8514056385486,68073300
35,2020-02-26,162.01451110839844,164.95641773939616,160.1484532792395,161.57656498681163,56206100
36,2020-02-27,150.59918212890625,159.0250497653848,150.4087700779,155.49286045756762,93174900
37,2020-02-28,154.24560546875,155.8641439606252,144.7153436590033,145.1056977436323,97012700
38,2020-03-02,164.50900268554688,164.6327770616493,154.53126258325238,157.38748705939656,71030800
39,2020-03-03,156.6257781982422,166.6130454071192,154.48361047157923,165.47055885839987,71677000
40,2020-03-04,162.3763427734375,162.51914816724377,157.6826069544084,160.41507121846044,49814400
41,2020-03-05,158.30148315429688,162.68101857562968,157.7492780197032,158.09202553333,47817300
42,2020-03-06,153.82672119140625,155.29290988438083,148.5236579689275,154.8168725190958,72821100
43,2020-03-09,143.40145874023438,150.18975467813294,142.8111771899838,143.76325170458367,70419300
44,2020-03-10,153.2078857421875,153.31261455858123,145.26758484382228,150.5801643410945,65354400
45,2020-03-11,146.2672576904297,150.14219461233048,143.90610170212486,149.5995195250043,56371600
46,2020-03-12,132.39547729492188,146.11487429018408,131.9384856038334,138.33642738908742,93226400
47,2020-03-13,151.21804809570312,154.15044033680311,133.98548773594624,140.43103844978467,92727400
48,2020-03-16,128.92996215820312,142.19237110925772,128.53009250260706,133.29046629899992,87905900
49,2020-03-17,139.54562377929688,140.43104645492656,128.53011031467852,133.29048477077774,81059800
50,2020-03-18,133.6713104248047,139.00293568680965,128.54915733094282,131.38633647109404,81593200
51,2020-03-19,135.87057495117188,142.9539978968266,132.33837173085726,135.9276971037771,85922700
52,2020-03-20,130.7674560546875,140.05018368392615,129.34885962811197,139.00289578141994,84866200
53,2020-03-23,129.46311950683594,133.83315361883407,126.16894903091577,130.4437553300874,78975200
54,2020-03-24,141.23080444335938,142.43042826160706,134.49964163185163,136.86078360477327,82516700
55,2020-03-25,139.87884521484375,146.9337238441079,137.51770348581238,141.77347953164312,75638200
56,2020-03-26,148.6283416748047,149.15198552324003,141.25928026614966,141.2878413372004,64568100
57,2020-03-27,142.52561950683594,147.46689090485182,142.04958202382878,144.4773760926674,57042300
58,2020-03-30,152.5509490966797,152.90322666976797,142.8207429707394,145.134292409769,63420300
59,2020-03-31,150.1517333984375,156.88289514179772,149.05683858683773,151.76072771768509,77927200
60,2020-04-01,144.8201141357422,150.189816009761,143.59194390247364,145.66746021865882,57969900
61,2020-04-02,147.81912231445312,148.02857992428844,143.15396179177512,144.58207393473876,49630700
62,2020-04-03,146.4576416015625,149.83750943261026,144.89623979452293,147.6667804454456,41243300
63,2020-04-06,157.34939575195312,158.5204436100187,150.02793870466274,152.63662871229192,67111700
64,2020-04-07,155.65472412109375,161.85272623097657,155.43573644344502,161.4623720516996,62769000
65,2020-04-08,157.21607971191406,158.68226816991287,155.6641935009924,157.73019359192514,48318200
66,2020-04-09,157.22561645507812,159.34873898293552,155.502363560662,158.38714875924393,51385100
67,2020-04-13,157.577880859375,157.63501754538458,154.52172915944234,156.47348523081303,41905300
68,2020-04-14,165.3753662109375,165.42297284963294,159.94854353230696,160.90061819618973,52874300
69,2020-04-15,163.6426239013672,165.2516326636138,161.12914697009398,162.99520547266337,40940800
70,2020-04-16,168.5552978515625,168.78380100859152,164.61370918973023,165.94662248113914,50479600
71,2020-04-17,170.04055786132812,171.37345671365338,167.44138330803202,170.89741933389323,52765600
72,2020-04-20,166.67018127441406,170.1833389597177,166.60354360506855,168.16494540659173,36669600
73,2020-04-21,159.77719116210938,165.3468197206917,158.14913695113438,165.18496875685338,56203700
74,2020-04-22,165.20399475097656,165.66098650812486,162.63339614169652,163.17607112940274,34620200
75,2020-04-23,163.2046661376953,166.6702179488877,162.71911320274435,165.76574976299443,32790800
76,2020-04-24,166.1846466064453,166.19416212381853,162.5286831390991,163.81397530484196,34277600
77,2020-04-27,165.70858764648438,168.42199154998565,164.99453169385157,168.1268507472983,33194400
78,2020-04-28,161.67176818847656,167.25092532811544,161.2718986425985,167.17475762497142,34392700
79,2020-04-29,168.92662048339844,169.1646391773293,163.64261710014011,164.9183938130075,51286600
80,2020-04-30,170.62132263183594,171.7542793831699,167.78412941217093,171.37345529352075,53875900
81,2020-05-01,166.20364379882812,170.07857925810438,165.67046990343954,167.3746913052552,39370500
82,2020-05-04,170.26905822753906,170.42139368615116,165.470607501329,166.12754145502342,30372900
83,2020-05-05,172.09701538085938,174.84851064820512,171.2782305680416,171.96372550563353,36839200
84,2020-05-06,173.79171752929688,175.37216509231774,172.92534055240677,173.35377128207907,32139300
85,2020-05-07,174.8009033203125,175.7053712897234,173.829783155337,175.3435782909568,28316000
86,2020-05-08,175.82916259765625,176.1338334990748,174.5724314480752,176.11478793585908,30877800
87,2020-05-11,177.79042053222656,178.52350753297063,174.08685082562172,174.37246159084364,30892700
88,2020-05-12,173.7631378173828,178.07603478681457,173.56321027780993,177.84754617015983,32038200
89,2020-05-13,171.1354217529297,175.2293457351353,168.0792556733336,173.8012337316338,44711500
90,2020-05-14,171.87808227539062,172.03041774753572,167.26051315262495,169.03137306565867,41873900
91,2020-05-15,174.38204956054688,178.09513601689562,168.5172644414072,170.47853649412016,46610400
92,2020-05-18,176.04812622070312,177.27629612153746,175.1436582128011,176.84786543647925,35264500
93,2020-05-19,174.82949829101562,177.6571615787806,174.69620840155065,176.16239718566547,26799100
94,2020-05-20,177.2545166015625,177.4359169583452,175.61238593843544,176.4429932900514,31261300
95,2020-05-21,175.1254425048828,178.21876103710082,174.99178140232837,177.0062545273779,29119500
96,2020-05-22,175.2018280029297,176.10882969373282,174.27574227398085,174.89632314494972,20826900
97,2020-05-26,173.3496856689453,178.0564799974318,172.90096307938558,177.90372027163076,36073600
98,2020-05-27,173.5787811279297,173.75063943217944,168.60466541040466,172.04167124776492,39517100
99,2020-05-28,173.18734741210938,175.8128447737856,172.2135370614424,172.55723911696234,33810200
100,2020-05-29,174.95362854003906,175.92745363468237,172.2422088164135,174.45716668834268,42130400
101,2020-06-01,174.55262756347656,174.71492930155677,173.24465707143892,174.27574875242263,22622400
102,2020-06-02,176.53846740722656,176.62438928948723,173.13964365231473,175.90834446804334,30794600
103,2020-06-03,176.9680938720703,177.52183695658735,175.26868197074563,176.45254800329616,27311000
104,2020-06-04,174.63851928710938,177.42631811528722,174.04659368949996,175.95604613904365,28761800
105,2020-06-05,178.72479248046875,179.2307963447259,173.76975976446974,174.35214349457303,39893600
106,2020-06-08,179.832275390625,180.01367574769202,176.0897494405068,177.52183912096902,33211600
107,2020-06-09,181.20706176757812,182.06630964412432,178.78204871231318,179.4885514465179,29783900
108,2020-06-10,187.9282989501953,189.53224651796845,182.36224353782927,182.4768205863623,43872300
109,2020-06-11,177.83688354492188,186.8972273976251,177.64594118609818,184.38630697155543,52854700
110,2020-06-12,179.2403106689453,183.040117049004,176.79619924208757,181.91353250337872,43373600
111,2020-06-15,180.38601684570312,182.1809072240188,175.6792078965996,176.22340896286445,32770200
112,2020-06-16,184.80636596679688,186.7253604719704,182.79189301007654,184.15714454580453,42556700
113,2020-06-17,185.44602966308594,187.43186198574108,184.92092731873566,186.20025698099536,25687800
114,2020-06-18,187.43190002441406,187.5942017696125,185.21692771071227,185.21692771071227,23061600
115,2020-06-19,186.3148193359375,190.2673853746656,185.57013403646454,189.59907992231373,44441100
116,2020-06-22,191.4894561767578,191.6708419321121,186.39120679108157,186.92585117478592,32818900
117,2020-06-23,192.76876831054688,194.71640332613381,192.31048925090775,192.9406120319374,30917400
118,2020-06-24,188.883056640625,194.04812966453954,187.6610080841898,192.47283702212528,36740600
119,2020-06-25,191.26988220214844,191.5276624074579,186.6203693269537,188.84488357225186,27803900
120,2020-06-26,187.44143676757812,190.84026043715716,186.0570863944701,190.68750071610512,54675800
121,2020-06-29,189.45587158203125,189.54179344468236,184.7872609944306,186.91629636525946,26701600
122,2020-06-30,194.2963409423828,195.1460467529927,188.78758076895292,188.92124186608368,34310300
123,2020-07-01,195.43247985839844,197.0077870680301,192.63513866088167,193.9431090914506,32061200
124,2020-07-02,196.92184448242188,198.60217212027828,195.71889457002075,196.36810147157988,29315800
125,2020-07-06,201.16082763671875,201.57136751930722,198.66899142164925,199.37549412509813,31897600
126,2020-07-07,198.82174682617188,204.95108776528608,198.57352323906824,200.92214171818512,33600700
127,2020-07-08,203.19442749023438,203.60495286179227,199.24186065965517,200.55938779250462,33600000
128,2020-07-09,204.61692810058594,206.58366176020414,201.895952577815,206.53592253616213,33121700
129,2020-07-10,203.99636840820312,204.38780969065328,201.52363076769228,203.94862917922697,26177600
130,2020-07-13,197.69515991210938,206.02991550365954,197.15095898910434,204.76966993541564,38135600
131,2020-07-14,198.91722106933594,199.3945841968669,192.88334414472072,196.79772761766117,37591800
132,2020-07-15,198.62123107910156,201.76228841683368,195.74751047833794,200.07241897366399,32179400
133,2020-07-16,194.6878204345703,196.38723238940173,193.15071023183293,196.10081153418938,29940700
134,2020-07-17,193.6949005126953,195.75709850569794,192.2723529041792,195.21291202231237,31635300
135,2020-07-20,202.02012634277344,202.68843195640494,193.8190149155924,195.71892583031678,36884800
136,2020-07-21,199.2991180419922,204.25414994239006,198.6117139304938,203.98682773991482,37990400
137,2020-07-22,202.16326904296875,202.68837135667346,198.95538848865922,199.72871436522186,49605700
138,2020-07-23,193.37026977539062,201.3708813021191,192.9979270791903,197.80975607251406,67457000
139,2020-07-24,192.18643188476562,193.6758027739354,188.56801058313243,191.3462679706825,39827000
140,2020-07-27,194.62095642089844,194.73551891181646,191.7663196224682,192.34870323124602,30160900
141,2020-07-28,192.8738250732422,195.43248474859328,192.60650285545827,194.39183650307967,23251400
142,2020-07-29,194.82144165039062,195.38472665720974,192.86424986998557,193.33207098993546,19632600
143,2020-07-30,194.668701171875,195.203360176597,190.53474880627297,191.9000005238427,25079600
144,2020-07-31,195.7284393310547,195.81437577226183,190.00008136094036,195.14605568804103,51044000
145,2020-08-03,206.73643493652344,207.78663973609935,200.91261301223892,201.94371920601316,78983000
146,2020-08-04,203.633544921875,205.04655018773857,200.78846492303626,204.47370864017597,49280100
147,2020-08-05,203.29942321777344,205.2661570897117,201.9914528320211,205.17067863132021,28806400
148,2020-08-06,206.55506896972656,206.57415300938985,201.97237919186563,202.72660666170313,32656800
149,2020-08-07,202.8602294921875,205.93444918218864,201.38040089130416,205.12294061058364,27820400
150,2020-08-10,198.82174682617188,202.2874078671722,197.00777273033472,202.08690893945885,36716500
151,2020-08-11,194.17222595214844,198.24889647860272,193.94308641173365,197.781089947876,36446500
152,2020-08-12,199.71917724609375,200.75982531370755,195.48019056308206,195.99573630411274,28013100
153,2020-08-13,199.2513885498047,201.78142214625402,198.72628613786478,199.9578913011391,22588900
154,2020-08-14,199.4423370361328,200.10110057608242,198.11526793680267,199.3086759242567,17958900
155,2020-08-17,200.75985717773438,201.62866165888732,199.46142874953955,200.110650247621,20184800
156,2020-08-18,201.9150848388672,202.7456921173846,199.7383098849835,200.99854111556277,21336200
157,2020-08-19,200.6901092529297,202.98700055760023,200.25944669679956,202.4032089938549,27627600
158,2020-08-20,205.36041259765625,205.76236523317155,199.93403011342397,200.536951765105,26981500
159,2020-08-21,203.86741638183594,206.95863256196296,203.70472233058524,204.67132155384473,36249300
160,2020-08-24,204.50865173339844,206.26002616768562,203.30277922932777,205.56138064913605,25460100
161,2020-08-25,207.16921997070312,207.30320419108602,203.94401899229595,203.94401899229595,23043700
162,2020-08-26,211.6480712890625,212.5476856197044,208.02091871684053,208.51858050461317,39600800
163,2020-08-27,216.84481811523438,221.21845696335774,209.97330473340136,213.31335946140254,57602200
164,2020-08-28,219.07472229003906,220.73038751877678,216.84483064743944,218.37607674576404,26292900
165,2020-08-31,215.8399200439453,218.8737166786634,214.67233716204333,217.24676147372583,28774200
166,2020-09-01,217.50515747070312,217.67741660984777,214.78716935990127,215.82076800431622,25725500
167,2020-09-02,221.6969757080078,222.85499356304223,217.58174016127816,218.17509671666673,34080800
168,2020-09-03,207.96353149414062,219.4575068084066,205.72407500414147,219.41923186637518,58400300
169,2020-09-04,205.04454040527344,208.97795084268267,196.37381445206572,205.85802516997373,59664100
170,2020-09-08,193.9525604248047,201.00589802209439,193.51231825390303,197.62756836074408,52924300
171,2020-09-09,202.2117156982422,205.6091894577203,197.81893296348866,198.68027236059635,45679000
172,2020-09-10,196.5460968017578,205.5135166302449,195.34023904162618,204.23107978329364,35461500
173,2020-09-11,195.26370239257812,199.66606590860468,192.5935831848138,198.29749929866702,33620100
174,2020-09-14,196.58441162109375,200.211565055295,195.26369966410363,195.4646832848915,30375800
175,2020-09-15,199.8096160888672,200.7666503702022,198.03909682712376,199.4650831634592,21823900
176,2020-09-16,196.2398681640625,201.5992509913415,195.84748063223293,201.5705411332255,26328100
177,2020-09-17,194.1918182373047,195.55080508538697,191.36857019218812,191.4546997677352,34011300
178,2020-09-18,191.7800750732422,194.9000011831459,187.8179542280491,194.08653090763448,55225300
179,2020-09-21,193.83770751953125,194.00041619027272,187.94238773071473,188.71758312450748,39839700
180,2020-09-22,198.5080108642578,199.15880164458324,193.39745228545732,196.2494098087427,33517100
181,2020-09-23,191.9714813232422,199.15881731097764,191.4355445226873,198.96739879376585,30803800
182,2020-09-24,194.4597930908203,196.73753929637155,190.64122114678156,191.26330217598013,31202500
183,2020-09-25,198.89085388183594,200.05842216755153,193.8376998854324,194.80431377069104,29437300
184,2020-09-28,200.44125366210938,203.43677550782257,199.12054173723172,201.8193853049063,32004900
185,2020-09-29,198.3549041748047,201.04418255893373,197.92424170296624,200.355116762719,24221900
186,2020-09-30,201.2930145263672,202.8721151895252,197.66584655961745,198.80471964780773,33829100
187,2020-10-01,203.33152770996094,204.7957891208522,202.2405091174697,204.3172719381247,27158400
188,2020-10-02,197.33090209960938,201.92466960079273,196.70882105074978,199.06313182368098,33154800
189,2020-10-05,201.34088134765625,201.36959120849284,198.08695595539203,198.3166494452693,21331600
190,2020-10-06,197.06289672851562,201.14942185632785,196.01973305531848,199.84786948820184,28554300
191,2020-10-07,200.81448364257812,201.08245204459112,197.83810676012118,198.16349487639658,25681100
192,2020-10-08,201.53225708007812,202.11604850735242,199.36936511507264,201.46525767871398,19925800
193,2020-10-09,206.53756713867188,206.58542177365823,202.15434835187833,202.15434835187833,26458000
194,2020-10-12,211.8874053955078,214.2417163902071,207.49462110633908,209.38954508541832,40461400
195,2020-10-13,213.28466796875,215.53370444968047,210.95906699025755,213.15068374881272,28950800
196,2020-10-14,211.3705596923828,214.58619497090353,209.71489472731523,213.41861215766087,23421700
197,2020-10-15,210.22210693359375,210.8920278607231,206.72892382262194,207.77210205541726,22733100
198,2020-10-16,210.22210693359375,212.7390966028927,209.89671885515676,210.6910442809938,26057900
199,2020-10-19,205.015869140625,212.74870729118058,204.5373520367776,210.94947830769584,27625800
200,2020-10-20,205.42738342285156,208.03051759272938,203.93441242019458,206.5279815053005,22753500
201,2020-10-21,205.57090759277344,207.5998150142853,203.9630828676059,203.9630828676059,22724900
202,2020-10-22,205.65708923339844,206.77681755261816,202.60414764183804,204.7383299287346,22351500
203,2020-10-23,206.93948364257812,206.98733826920613,204.00139648834562,205.791045619415,18879600
204,2020-10-26,201.05377197265625,207.0448015668945,199.1588481053592,204.6617954528772,37111600
205,2020-10-27,204.0875701904297,205.4465571821057,201.29303170855135,202.49888970317474,36700300
206,2020-10-28,193.97169494628906,199.8670294360928,193.41662793161626,198.74730111501765,51195600
207,2020-10-29,195.92405700683594,198.45062689659414,194.6320549005072,195.30199057234228,31432600
208,2020-10-30,193.77069091796875,195.5124853460683,191.0431379547193,194.75643484993753,36953700
209,2020-11-02,193.63674926757812,196.45999749689346,191.5216970654332,195.5125282945089,30842200
210,2020-11-03,197.56051635742188,199.17790611092494,194.3927362381606,195.1296564874566,27512000
211,2020-11-04,207.09263610839844,208.93971976294654,203.29320905322973,204.82446966001,42311800
212,2020-11-05,213.69615173339844,214.49049184070802,211.6480992096399,212.49985903019407,36080100
213,2020-11-06,214.10769653320312,214.72019784892188,208.66216949337468,212.7104201487786,25231900
214,2020-11-09,209.0067138671875,218.3186532354657,208.51863164610597,214.79677412758556,44395000
215,2020-11-10,201.94378662109375,207.1979097750766,200.70921889587157,205.28384132449852,44045100
216,2020-11-11,207.24575805664062,208.6717296625899,203.08265346292407,203.2644922966665,29440800
217,2020-11-12,206.18345642089844,209.69577028534576,205.2455669663313,207.87741109338322,21593900
218,2020-11-13,207.2074432373047,208.078347754169,204.95842191301892,207.06389396669238,18621100
219,2020-11-16,207.89651489257812,208.38461163299147,205.30296064141453,205.63791381682324,24953300
220,2020-11-17,205.2455596923828,208.327196362461,204.88188202560576,206.81509518658177,24154100
221,2020-11-18,202.5396728515625,206.46418731553092,202.3957330895279,205.00568264712743,28372800
222,2020-11-19,203.825439453125,204.41075930786246,201.43618011662315,202.82752451855407,24792700
223,2020-11-20,201.87759399414062,204.66025377891347,201.50337402803095,203.61435882766034,22843100
224,2020-11-23,201.60891723632812,203.70070706865718,199.73781746855306,202.41492719145955,25683500
225,2020-11-24,205.20718383789062,205.581403777196,200.40948479991638,201.10994475986428,33979700
226,2020-11-25,205.2167510986328,206.57929571662513,203.86381124815216,206.40658559838184,21012900
227,2020-11-27,206.521728515625,207.51965801723676,205.37987391349907,206.15711338051779,14512200
228,2020-11-30,205.40869140625,206.07076156750256,202.30936731959918,205.43747642885162,33064800
229,2020-12-01,207.4620819091797,208.52717154607495,204.7177978221333,205.83085273018764,30904500
230,2020-12-02,206.6560821533203,206.75204198993873,204.190072479513,206.18591702157005,23724500
231,2020-12-03,205.57180786132812,207.62522240610232,205.0056682633133,205.9268328948881,25120900
232,2020-12-04,205.6869659423828,206.66570070378134,204.5547012887225,205.55263094700783,24666000
233,2020-12-07,205.6197509765625,206.8191755730135,204.37236110938431,205.696515907705,24620000
234,2020-12-08,207.27015686035156,208.17212648413775,204.27639780388105,205.3127023945239,23284100
235,2020-12-09,203.23056030273438,206.52177523800023,202.6644352574162,206.45461505637104,32440600
236,2020-12-10,202.00230407714844,204.45872339489904,201.8487742094355,203.2017287160043,26733300
237,2020-12-11,204.63140869140625,204.68899336587359,200.64932523003245,201.5512947916614,30979400
238,2020-12-14,205.53341674804688,207.46210106509508,204.2668318593756,204.47793178105667,28798400
239,2020-12-15,205.46629333496094,206.70409342315386,203.6527634225653,206.464208436639,27000600
240,2020-12-16,210.40789794921875,211.20431778476424,206.03239855894847,206.06118358324636,35023300
241,2020-12-17,210.54220581054688,211.95273038503314,209.10289621547224,210.97399576078638,32515800
242,2020-12-18,209.7458038330078,210.8013034819783,207.2797941315631,209.7458038330078,63354900
243,2020-12-21,213.5839385986328,214.93689309140643,208.48878512735112,208.74786494629828,37181900
244,2020-12-22,214.87930297851562,216.5009272648527,212.87386870407826,213.67987846393646,22612200
245,2020-12-23,212.07748413085938,214.5147087051937,211.8663842100806,214.0829187368426,18699600
246,2020-12-24,213.7374725341797,214.56267727866629,212.2501830405636,212.4612829501821,10550600
247,2020-12-28,215.8580780029297,216.8847779666073,213.99656846423386,215.36870333861185,17933500
248,2020-12-29,215.08079528808594,217.98819910213228,214.53386533011712,217.15340433614244,17403200
249,2020-12-30,212.71078491210938,216.50097899696252,212.50928974470457,216.11715427573614,20272300
250,2020-12-31,213.4208221435547,213.97735693650276,210.7916780475065,212.72995237585465,20942100
251,2021-01-04,208.8822021484375,213.97735567410496,206.11872309394096,213.5263708383666,37130100
252,2021-01-05,209.0836944580078,209.67861902727174,206.97271004947524,208.4695896365908,23823000
253,2021-01-06,203.66232299804688,207.73077702990682,203.36486800201897,203.58555805690816,35930700
254,2021-01-07,209.45791625976562,210.46543588069164,205.06323728487098,205.3798725038288,27694500
255,2021-01-08,210.73414611816406,211.65531085549392,208.24894131509814,209.83217627824564,22956200
256,2021-01-11,208.69027709960938,210.05282160222308,207.96101761834242,209.63062182705013,23031300
257,2021-01-12,206.23387145996094,208.31608560211117,204.68902651806664,207.74035589548853,23249300
258,2021-01-13,207.58680725097656,207.98981215260577,205.27431314841093,205.3606828455848,20087100
259,2021-01-14,204.40115356445312,208.66151222866404,204.13248361638705,207.17422274667487,29480800
260,2021-01-15,204.04611206054688,205.8308564944321,203.4512021297231,204.88092155862176,31746500
261,2021-01-19,207.6828155517578,208.20096064868125,204.0269709237377,205.1016509122703,30480900
262,2021-01-20,215.26315307617188,216.65448284404494,208.49839462519878,208.89180945322397,37777300
263,2021-01-21,215.86767578125,217.1438655065322,213.42084629718013,215.60859592868792,30709400
264,2021-01-22,216.80799865722656,220.76131229354894,216.66407355456315,217.89228323533874,30172700
265,2021-01-25,220.24313354492188,220.4830184561712,215.14798037261218,219.84971877653385,33152100
266,2021-01-26,222.92987060546875,224.7050103480152,220.7709061802584,222.47888575422274,49169600
267,2021-01-27,223.47679138183594,230.7117289549116,220.82846706760978,228.37044973267308,69870600
268,2021-01-28,229.26284790039062,232.82274716387465,225.5782184133488,226.07718323182823,49111200
269,2021-01-29,222.5748291015625,228.38963718019693,221.98950931508602,226.44177281435506,42503100
270,2021-02-01,229.9536895751953,232.68838365200105,223.02581157927415,225.54940574495873,33314200
271,2021-02-02,229.81939697265625,232.50611163022853,229.03258186547274,231.536981598788,25916300
272,2021-02-03,233.16818237304688,235.17361713548425,229.5794980812515,229.87696773203956,27158100
273,2021-02-04,232.21820068359375,233.39844507245968,230.64455613985325,232.84191028192274,25296100
274,2021-02-05,232.4005126953125,233.43681732954676,230.69253319854138,232.4292977150345,18054800
275,2021-02-08,232.65960693359375,233.82064184477534,231.06676741699246,233.31208694294955,22211900
276,2021-02-09,233.90701293945312,234.85694793762076,231.61371348356542,232.08387859856478,23565000
277,2021-02-10,232.9954376220703,235.97000191539507,231.14351838244667,235.08722714593918,22186700
278,2021-02-11,234.59786987304688,235.23115495661315,232.35253581551774,234.8761299477972,15751100
279,2021-02-12,235.07763671875,235.37509168356013,232.909067623064,234.0605123364703,16561100
280,2021-02-16,233.83981323242188,236.17150222991458,233.09137346567442,235.11600274275108,26728500
281,2021-02-17,234.85931396484375,234.96510703693932,231.72401468977077,232.08948433430788,21653500
282,2021-02-18,234.46495056152344,234.5995949311717,231.647031012765,232.55107806974718,16925600
283,2021-02-19,231.75282287597656,234.53227887991062,230.99303240639816,234.4264858275061,25262600
284,2021-02-22,225.53993225097656,228.82911468835837,223.51063965852657,228.33862759094472,36446900
285,2021-02-23,224.347412109375,225.84773966438576,219.98105917349554,221.51986494409806,30228700
286,2021-02-24,225.57843017578125,226.20356170801335,220.24071557506963,221.21207764018945,26339700
287,2021-02-25,220.23106384277344,225.61685322946673,219.16352111418414,223.20286682298797,39542200
288,2021-02-26,223.4914093017578,226.36703163258593,220.76002888675455,222.6739161526136,37819200
289,2021-03-01,227.8770294189453,228.38675570482945,224.2319889876539,226.87680127956338,25324000
290,2021-03-02,224.9243927001953,228.22320172977388,224.5204595960881,227.94428610482706,22812500
291,2021-03-03,218.85577392578125,224.6455116135166,218.56724606158295,223.2798287097905,34029500
292,2021-03-04,218.05751037597656,223.59719816718902,215.68198738845186,218.0671372652844,44727800
293,2021-03-05,222.74124145507812,224.3473617295842,217.7978484716733,220.7408002725728,41872800
294,2021-03-08,218.69227600097656,224.44353542154002,218.4422263479561,222.52003591331203,35267400
295,2021-03-09,224.83786010742188,226.37666560982453,222.8085675052576,223.97229118428092,33080500
296,2021-03-10,223.52987670898438,227.9346923560373,223.16440710536557,227.9346923560373,29746800
297,2021-03-11,228.05970764160156,230.02167054315927,225.34756648415365,225.97271258487288,29907600
298,2021-03-12,226.7324981689453,226.7998276939092,224.30888474756043,225.05904836070448,22653700
299,2021-03-15,225.82847595214844,226.1939455847543,222.94322645297672,225.9727472321897,26034900
300,2021-03-16,228.6175537109375,230.87765695855205,226.9152524388038,227.24224385205463,28092200
301,2021-03-17,227.97315979003906,229.42541133970818,224.30889550204407,227.11720307886736,29562100
302,2021-03-18,221.8948974609375,225.23217017671175,221.51981565564103,223.66451343079086,34833000
303,2021-03-19,221.53909301757812,223.5779980882051,220.57734312763878,222.18346368282081,46430700
304,2021-03-22,226.96331787109375,227.83849894840333,221.33707623409987,221.4621083916309,30127000
305,2021-03-23,228.49252319335938,231.82979623103833,228.0020360699332,228.4059692318967,31638400
306,2021-03-24,226.45359802246094,228.8964358811069,226.31895364718338,228.75217929157247,25620100
307,2021-03-25,223.4529571533203,227.8770123437966,222.71242033317537,226.2997431730868,34061900
308,2021-03-26,227.4345703125,227.65578331481655,222.69315122370767,222.69315122370767,25479900
309,2021-03-29,226.24203491210938,227.74236229636642,223.0105549017335,227.54038837534517,25227500
310,2021-03-30,222.98167419433594,224.90517359760773,222.26036191810903,224.59740664901904,24792000
311,2021-03-31,226.75177001953125,229.9543988343797,223.50105077635433,224.00116481572115,43623500
312,2021-04-01,233.080078125,233.55132615154153,228.94455090403778,229.34848407327533,30338000
313,2021-04-05,239.54299926757812,240.39895589372134,233.41664384156837,233.4743464742084,36910600
314,2021-04-06,238.37930297851562,239.86039119458903,237.43679229555985,238.13886553157835,22931900
315,2021-04-07,240.34121704101562,241.3318179462302,237.7348838661776,238.3311639168528,22719800
316,2021-04-08,243.5631103515625,244.41906699343323,242.3609232323544,243.10147460682458,23625200
317,2021-04-09,246.0636749267578,246.1983193023005,242.7841048169457,243.19765015784952,24326800
318,2021-04-12,246.12139892578125,247.8140879939687,244.88073344510863,244.9673020816501,27148700
319,2021-04-13,248.60267639160156,249.27591293750018,247.00616833012472,247.41974301703107,23837500
320,2021-04-14,245.81362915039062,248.9296891266608,245.4000837782856,247.63135037006475,23070900
321,2021-04-15,249.57406616210938,249.98761152054735,247.87177962953,248.06411197401857,25627500
322,2021-04-16,250.7666473388672,251.01671169279516,247.74676806187148,249.5452355913657,24878600
323,2021-04-19,248.8431396484375,251.47835411992395,247.95834624800946,250.23768863098698,23209300
324,2021-04-20,248.38150024414062,250.24729711029528,247.01580268272733,247.95832800540822,19722900
325,2021-04-21,250.61268615722656,250.70886698279128,247.41007305281784,249.0354321489802,24030400
326,2021-04-22,247.33322143554688,251.76687414868886,245.8617306663179,250.25691984258333,25606200
327,2021-04-23,251.1609649658203,251.50721017052902,247.42937088879512,248.0160535536186,21462600
328,2021-04-26,251.5456085205078,252.40157979476606,250.21841866141153,251.65141624385512,19763300
329,2021-04-27,251.94956970214844,253.1229055083856,250.17032688978372,251.57447323158507,31014200
330,2021-04-28,244.82301330566406,246.72728837126857,243.2745956256258,246.2848623553483,46903100
331,2021-04-29,242.85145568847656,246.30414889333332,239.47571890978605,245.68862956024947,40589000
332,2021-04-30,242.53407287597656,243.39965655586337,240.05277114899383,240.18741554251332,30945100
333,2021-05-03,242.22628784179688,244.62104995508665,241.51458775779273,243.70737597050828,19626600
334,2021-05-04,238.3119659423828,241.6011630269946,236.35961510876282,241.37033780215654,32756100
335,2021-05-05,237.04251098632812,239.95661215633984,236.4173793898444,239.53343983096764,21901300
336,2021-05-06,240.17774963378906,240.30278179143735,235.3305375794011,237.0232117765403,26491100
337,2021-05-07,242.80335998535156,244.57297608817822,241.56269453028074,242.50520522143927,27032900
338,2021-05-10,237.72532653808594,242.10129139478525,237.66762389373437,241.27418591709014,29299900
339,2021-05-11,236.8116455078125,237.16750290744034,233.29165244697984,235.19591291269418,33641600
340,2021-05-12,229.85821533203125,235.0324342476835,228.963795010998,232.90696061119263,36684400
341,2021-05-13,233.73402404785156,236.20572777471372,232.18560647279034,232.55107604800216,29624300
342,2021-05-14,238.65817260742188,239.64877358465748,236.0999296611892,236.18648360868315,23901100
343,2021-05-17,235.80178833007812,237.15785895170106,234.2052949545859,237.11939542012004,24970200
344,2021-05-18,233.7821502685547,236.98477896115793,233.60902766820809,236.8501345720607,20168000
345,2021-05-19,234.36048889160156,234.46652622846455,230.0033530891012,230.6877638651082,25739800
346,2021-05-20,237.5994415283203,239.01647932099823,235.07384355914962,235.17024649146305,21800700
347,2021-05-21,236.33665466308594,239.38280508852012,235.92215439273173,238.6501927760456,21863100
348,2021-05-24,241.7445068359375,242.11082031164497,238.59231936466642,238.86222991233876,21411500
349,2021-05-25,242.65066528320312,243.64355376177159,241.78309768160725,242.6988667519636,17704300
350,2021-05-26,242.42893981933594,243.82669406493432,241.71559637327553,242.37108923531312,17771600
351,2021-05-27,240.3274688720703,242.41928296900434,240.26963299891423,242.12045448501686,24426200
352,2021-05-28,240.68417358398438,242.9977118612827,240.56850181827792,241.9566218428521,18270200
353,2021-06-01,238.48629760742188,242.23614229222227,238.06216293981552,242.17830641523153,23213300
354,2021-06-02,238.38992309570312,240.28894628092957,236.98251960220148,239.19002042782085,19406700
355,2021-06-03,236.85716247558594,237.46445379729846,234.24479634072253,236.38481170623595,25307700
356,2021-06-04,241.75418090820312,242.58319621464275,238.5923585089971,238.83335115960136,25281100
357,2021-06-07,244.66534423828125,244.9352547949257,240.80946233304937,240.97333554893908,23079200
358,2021-06-08,243.4700469970703,246.78610801695257,243.4121964089367,245.96672717215935,22455000
359,2021-06-09,244.45330810546875,246.3234134778532,244.08700926884384,244.6653828204211,17937600
360,2021-06-10,247.9717559814453,248.1838306630145,244.53038902874928,245.12804601734126,24563600
361,2021-06-11,248.59840393066406,249.1767627836222,247.36449326288806,248.69477746079076,18999700
362,2021-06-14,250.52627563476562,250.5841115039967,247.54758127915835,248.6079545784637,19150500
363,2021-06-15,249.0514373779297,250.6227142087636,248.39594441109375,250.4106394938403,18038900
364,2021-06-16,248.1067352294922,251.19142321885585,245.25337604034561,250.05394507436637,27220000
365,2021-06-17,251.49989318847656,252.3192739828224,246.78609282291416,246.84392869846377,27565500
366,2021-06-18,250.08287048339844,252.84946123019992,249.42737757560815,250.27567635888798,37202200
367,2021-06-21,253.1676025390625,254.02552107281122,248.62730926528494,250.45884751555622,26696100
368,2021-06-22,255.94381713867188,256.2137277022347,252.94585358312705,253.25433120378315,24694100
369,2021-06-23,255.71241760253906,257.21620907418384,254.90268599611818,256.40647746776295,19518700
370,2021-06-24,257.0813293457031,258.1995388052665,255.90528400185622,256.5704260891659,21446900
371,2021-06-25,255.471435546875,257.6211002196524,255.22082323661826,256.6378609608532,25611100
372,2021-06-28,259.03814697265625,259.2116545976608,256.32939229392287,256.5993028499447,19590000
373,2021-06-29,261.6216125488281,261.8626051966104,258.3248496012734,259.1827681299934,19937800
374,2021-06-30,261.1394958496094,261.5829138613504,259.8863464789371,260.93707036438485,21656500
375,2021-07-01,261.814453125,262.04579668374896,259.8865116872873,259.89613139020065,16725300
376,2021-07-02,267.64642333984375,267.9838189235368,262.6819807793661,262.990458422631,26458000
377,2021-07-06,267.6560363769531,269.3044175952349,264.4170803954058,268.012700733501,31565600
378,2021-07-07,269.84417724609375,270.57680402875366,267.1643412050399,269.3332742050379,23260000
379,2021-07-08,267.42474365234375,268.6875428172763,264.9666009084915,266.92346009994077,24618600
380,2021-07-09,267.9259338378906,268.03195646064023,265.40033611083743,265.7859183850825,23916700
381,2021-07-12,267.3283386230469,269.69004898436486,266.61498036204364,269.1020410285344,18931700
382,2021-07-13,270.85650634765625,272.65912690614584,267.39585495658895,267.5211464403446,26120100
383,2021-07-14,272.33135986328125,273.43992023579295,270.44195619359107,272.17712102791575,23113700
384,2021-07-15,270.90460205078125,272.33128884231087,269.74782579623917,271.83965452142417,22604200
385,2021-07-16,270.6347351074219,273.86404237165414,269.3912048461886,271.9071833087747,26186800
386,2021-07-19,267.02947998046875,270.26840676845325,264.5617178320867,268.88028688273266,32935600
387,2021-07-20,269.25628662109375,270.8468322958229,266.30653881179984,268.0127562566112,26259700
388,2021-07-21,271.2612609863281,271.3769327258679,267.29935681688346,268.8513350191112,24364300
389,2021-07-22,275.83050537109375,276.10041590734517,273.20850469691914,273.61335579227523,23384100
390,2021-07-23,279.2333679199219,279.5418161445663,276.1775682694742,277.0162179583788,22768100
391,2021-07-26,278.63568115234375,279.2526364370559,276.3125379693512,278.58749439112125,23176100
392,2021-07-27,276.21612548828125,279.14657473530417,272.7554747958883,279.00198503858365,33604100
393,2021-07-28,275.9076232910156,279.69602009802213,273.6037197955621,278.5778108462002,33566900
394,2021-07-29,276.1775817871094,278.2211947883845,275.7727011840036,275.92694001289874,18168300
395,2021-07-30,274.6448669433594,276.33181549192943,273.6808963441765,274.8955087129223,20944800
396,2021-08-02,274.55816650390625,276.43789188697247,273.51706158025235,276.042660334294,16267400
397,2021-08-03,276.7752380371094,276.88129010205466,273.76765442774865,275.13650564382874,17879000
398,2021-08-04,276.1871643066406,277.2282393780746,274.39416409389577,275.90760465805386,16191300
399,2021-08-05,279.0888366699219,279.19488876338283,275.79207275708046,276.5439688615931,13900200
400,2021-08-06,279.0309143066406,279.06948136668063,277.2572119794153,278.11515991153345,16589300
401,2021-08-09,277.941650390625,281.0456371253441,277.44039623262665,279.3105016862304,16117600
402,2021-08-10,276.1197509765625,278.82850610681834,274.9244368032252,278.3947075539528,18616600
403,2021-08-11,276.6114196777344,278.2598014303188,275.5606656677972,276.86203206954394,13955900
404,2021-08-12,279.3683166503906,279.52255547623497,276.0233374986392,276.3028972091101,14561300
405,2021-08-13,282.2987060546875,282.34689280209915,278.8765938653383,279.0501308757054,18249000
406,2021-08-16,283.9857177734375,284.19779246209333,279.5707163690693,282.62651582587677,22507600
407,2021-08-17,282.52044677734375,282.85784231873345,280.5925058757382,281.8553342308899,20075300
408,2021-08-18,280.7916259765625,284.7418088904568,280.3473295062777,282.05684226178516,21813000
409,2021-08-19,286.6251220703125,287.30120486749115,278.77306498526656,278.82134398176925,29850500
410,2021-08-20,293.95574951171875,295.3851678311773,287.8711203793521,289.47437850845176,40817600
411,2021-08-23,294.23583984375,294.9602018470455,291.53156682119305,292.88370333247155,22830200
412,2021-08-24,292.2752990722656,295.2017210327995,291.67649773321614,294.5932520997744,18175800
413,2021-08-25,291.68609619140625,294.177888473637,290.1504523062321,293.89779358408,20006100
414,2021-08-26,288.8658447265625,292.091665968803,288.730645840929,290.70088885576575,17666100
415,2021-08-27,289.4743347167969,290.58501707619024,286.68311269534024,288.76927851853645,22605700
416,2021-08-30,293.2120666503906,293.82053542708803,290.76855342647343,290.82650002669567,16348100
417,2021-08-31,291.5605163574219,294.0909493667815,291.19350158976886,294.01369706144754,26285300
418,2021-09-01,291.51220703125,294.7573638587632,291.18383315439763,292.5166638438568,18983800
419,2021-09-02,290.8554992675781,292.9899444977672,289.9186565146118,291.86962381064285,16285600
420,2021-09-03,290.8458251953125,292.25590820944143,289.9959024554989,290.70092922538174,14747900
421,2021-09-07,289.91864013671875,290.7975362346447,288.0063433181321,290.72028392327735,17180400
422,2021-09-08,289.9476318359375,290.33395236601825,287.3013052567986,289.5323380029598,15046800
423,2021-09-09,287.0887451171875,291.8115985033089,286.84729116839253,290.53671457982546,19927000
424,2021-09-10,285.6014404296875,289.66754700158504,285.2827341191642,288.21882300502165,19633400
425,2021-09-13,286.8376159667969,288.33464809421395,284.027088540484,287.3784704397961,23652900
426,2021-09-14,289.5419921875,291.0873037106312,287.90976075970315,289.31984389266626,21853400
427,2021-09-15,294.3999938964844,294.88290182054226,291.5025463521372,292.8933235313727,28356300
428,2021-09-16,294.78631591796875,294.8732358078409,290.47878546514823,293.3762330249968,19550800
429,2021-09-17,289.6192321777344,294.0909648651454,289.2908582826248,293.77225856159816,41372500
430,2021-09-20,284.23956298828125,288.5084815652856,279.6229648895153,286.2001677787238,38278700
431,2021-09-21,284.7225341796875,287.3688899615911,284.0175073900998,285.58212453468485,22364100
432,2021-09-22,288.3732604980469,289.9572125132634,284.4424127029341,286.58652489770395,26626300
433,2021-09-23,289.3197937011719,290.61398340339673,287.35918870442185,288.6340727004144,18604600
434,2021-09-24,289.1169738769531,289.55157331474214,286.7796866055234,288.03526486597605,14999000
435,2021-09-27,284.1141052246094,286.3354702312346,282.92614093577845,286.0167639204759,23571700
436,2021-09-28,273.8280944824219,280.8399268648963,273.0844269014528,279.89341673736834,43186200
437,2021-09-29,274.2917175292969,276.9670169803439,273.3355692133675,275.354120921642,26353700
438,2021-09-30,272.2828063964844,277.990751901862,271.99304396857866,275.9432270985098,32343600
439,2021-10-01,279.2174072265625,280.06733000946844,271.6743867398195,272.4760010388448,30086300
440,2021-10-04,273.43218994140625,277.9135909245153,270.6699699621039,277.5755493847289,31350700
441,2021-10-05,278.88897705078125,280.4728996202746,274.33996345673484,274.33996345673484,24993000
442,2021-10-06,283.09027099609375,283.5925141040802,275.75009408057105,276.010853750545,28002600
443,2021-10-07,284.7709045410156,286.49972374373453,283.87270257385757,285.0896109094241,20430500
444,2021-10-08,284.7709045410156,286.49972374373453,283.71816844923296,286.09406798229867,17685700
445,2021-10-11,284.172119140625,287.784262398564,282.742700513591,282.90690224093925,19298600
446,2021-10-12,282.8681640625,285.3406503959171,282.3562828170901,285.24406291153826,17974100
447,2021-10-13,286.1809387207031,287.11778142661336,283.4573305066921,284.82880220556603,23416300
448,2021-10-14,292.4007263183594,292.90293991134115,287.6488997295382,288.981730216928,27262900
449,2021-10-15,293.8109436035156,294.04275953854943,290.24707939898,292.00487199065753,25384800
450,2021-10-18,296.78558349609375,297.6741176404027,292.3428243514602,293.192747080356,22729300
451,2021-10-19,297.6935119628906,298.72691280620376,296.71802825420315,297.8094051808795,17682100
452,2021-10-20,296.9015197753906,299.11324681480494,295.6459412075524,298.63997690086853,16537100
453,2021-10-21,300.136962890625,300.38805498571867,295.8873492891924,296.66968729600904,16918100
454,2021-10-22,298.5916748046875,300.4556925902874,297.27814973250037,299.789277199686,17449300
455,2021-10-25,297.5968933105469,298.82346903838294,295.98396759735755,298.7848281449745,17554500
456,2021-10-26,299.5091857910156,301.7209126851576,298.0508236727138,300.36877617922386,28107300
457,2021-10-27,312.122802734375,314.95263684013287,305.19788831248667,305.19788831248667,52588700
458,2021-10-28,313.2624206542969,313.7646343557651,310.3746108163514,313.2430854710019,26297900
459,2021-10-29,320.2839050292969,320.65091983416227,312.82780414815437,313.0499524443534,34766000
460,2021-11-01,318.1106872558594,320.15821166216614,315.2132403848169,320.032650915191,27073200
461,2021-11-02,321.7423095703125,322.05137778411626,318.719300579223,319.01870120060556,26487100
462,2021-11-03,322.5824890136719,323.45171737063305,319.3470000703094,322.48590153526277,21500100
463,2021-11-04,324.9390869140625,325.0356743939293,318.2459901477775,321.5104524364955,23992200
464,2021-11-05,324.5721435546875,327.20883201566943,322.98822053910783,326.93840469718674,22570100
465,2021-11-08,325.47027587890625,326.10771788078415,323.0074572358713,325.76967643631485,20897000
466,2021-11-09,324.4659118652344,327.1412116971149,323.09444011363706,325.5862325391553,21307400
467,2021-11-10,319.49188232421875,323.1909736619546,318.6419891055958,323.13302706692036,25500900
468,2021-11-11,321.066162109375,322.36035183631327,319.21181214739465,319.9265064583286,16849800
469,2021-11-12,325.2095642089844,325.7021398000391,322.37973040709574,322.505291202805,23831000
470,2021-11-15,324.5817565917969,326.3298810128746,322.6114839029454,326.001507143793,16723000
471,2021-11-16,327.90423583984375,329.02458606061623,324.04097141278066,324.20514364528447,20886800
472,2021-11-17,328.1267395019531,331.0972263739965,327.04305127550737,327.95258165019357,19053400
473,2021-11-18,330.20697021484375,331.34874035580634,326.1915075164425,327.21714291810787,22463500
474,2021-11-19,331.9873962402344,333.9129065317172,331.10692167581175,331.5326605674157,21963400
475,2021-11-22,328.813720703125,338.33476348925745,328.542798641945,333.44845158059155,31031100
476,2021-11-23,326.7334289550781,328.44606980827206,322.7469916146541,326.12384692450337,30427600
477,2021-11-24,326.9559020996094,327.1977977956203,323.08557096343446,325.37873743709275,21661300
478,2021-11-26,318.9927062988281,326.9752647962539,317.48327941794133,323.5113311922407,24217200
479,2021-11-29,325.7174377441406,328.03963080841186,323.88869188174414,324.08222027388626,28563500
480,2021-11-30,319.87322998046875,326.8301534505589,318.32509142216554,324.4499077650363,42885600
481,2021-12-01,319.3797302246094,328.2815041469173,318.7121252323069,324.2660412742455,33337600
482,2021-12-02,318.8089599609375,322.6792925283598,317.17374208893807,319.592699943577,30766000
483,2021-12-03,312.53900146484375,321.914883312674,307.7204273838724,321.22787810651,41779300
484,2021-12-06,315.6158142089844,316.8349779022691,308.88144665160763,313.4484383349509,30032600
485,2021-12-07,324.0628662109375,324.91431432856854,319.3991097138028,320.88919559415706,31021900
486,2021-12-08,324.11126708984375,324.6240848803563,320.07643313181967,324.4402417546736,24761000
487,2021-12-09,322.3018798828125,325.5819706607434,321.35363798124615,323.5694111588265,22214200
488,2021-12-10,331.4358825683594,331.88096247168323,323.9371144658651,324.12095759451194,38095700
489,2021-12-13,328.39764404296875,332.64534732460373,328.08801041527346,329.636149025462,28899400
490,2021-12-14,317.6961669921875,323.79195700121716,313.6032806801942,322.4179762857992,44438700
491,2021-12-15,323.8016052246094,324.32410824827537,313.9806448880069,317.957396355384,35381100
492,2021-12-16,314.36767578125,325.84322423785716,312.5486152193238,324.82724448403934,35034800
493,2021-12-17,313.3033142089844,314.3870318019432,306.9656583691775,310.47798883012587,47750300
494,2021-12-20,309.5394592285156,312.3357585464639,307.2753187116958,309.6749054842462,28326500
495,2021-12-21,316.68023681640625,317.10597568318013,309.4330203308387,312.8099049572173,24740600
496,2021-12-22,322.3986511230469,322.7953341481106,315.19014632592007,317.6574710399496,24831500
497,2021-12-23,323.84039306640625,325.48529616278444,321.94393844096396,321.9632794729556,19617800
498,2021-12-27,331.3487243652344,331.377750666587,324.55627456589707,324.58530086724966,19947000
499,2021-12-28,330.1877136230469,332.6647238523587,329.2878684793036,332.0261155001983,15661500
500,2021-12-29,330.86492919921875,333.1387250117785,328.66849748500334,330.23597679664846,15042000
501,2021-12-30,328.32025146484375,332.00674011719934,327.83645999310903,330.8262877450351,15994500
502,2021-12-31,325.4174499511719,328.3588803627505,324.96268486023365,327.53645861657736,18000800
503,2022-01-03,323.8984069824219,327.04305171040653,319.0895183249568,324.4789626840154,28865100
504,2022-01-04,318.3444519042969,324.33379227694843,315.5481232153685,323.975761808593,32674300
505,2022-01-05,306.1239013671875,315.4997826044344,305.73687408915134,315.2965689226274,40054300
506,2022-01-06,303.70489501953125,308.3686512181517,301.39235794610454,302.99854894295123,39646100
507,2022-01-07,303.8597106933594,306.2399561127619,300.0377468231346,303.9661306277529,32720000
508,2022-01-10,304.08221435546875,304.517638395895,294.812784781449,299.4571700806818,44289500
509,2022-01-11,304.7693176269531,306.34645318386146,299.84432347965804,303.2211788519228,29386800
510,2022-01-12,307.95257568359375,312.92596558737677,306.80114975733375,309.30721526386515,34372200
511,2022-01-13,294.91925048828125,310.477999759612,294.14519599434743,310.0812872347779,45366000
512,2022-01-14,300.14422607421875,300.7441227450604,293.9033045852905,294.38709603316755,39846400
513,2022-01-18,292.8389892578125,299.7572018071977,291.95848518377585,294.2129701112616,42333200
514,2022-01-19,293.4969177246094,303.73396167938847,292.8873652813076,296.36098446324274,45933900
515,2022-01-20,291.8230285644531,301.54722556520954,291.37794866784134,299.0508745044083,35380700
516,2022-01-21,286.43353271484375,294.251588681219,286.0271349497871,292.87763765251265,57984400
517,2022-01-24,286.76251220703125,287.4785140362115,267.1012224531404,282.72770843175715,85731500
518,2022-01-25,279.1380310058594,285.42732097416655,275.9256776481644,282.0698065330309,72848600
519,2022-01-26,287.0915222167969,298.4993332025726,283.5308241295649,298.0058564603818,90428900
520,2022-01-27,290.1200866699219,297.33824766891416,288.27199957427445,292.84867784956623,53481300
521,2022-01-28,298.26715087890625,298.4800203242128,284.90483174909696,290.49746041765246,49743700
522,2022-01-31,300.8989562988281,302.2535665226197,296.4383835464321,298.9347640922584,46444500
523,2022-02-01,298.7509460449219,300.56032158802805,295.2386149185201,300.3474521401161,40950400
524,2022-02-02,303.2985534667969,304.90474476135483,298.8670363988058,299.59272363577713,36636000
525,2022-02-03,291.4843444824219,301.140832317367,290.2361542912409,299.4572180160596,43730000
526,2022-02-04,296.0223388671875,298.78961201270425,290.24586730318873,290.47807776902533,35096500
527,2022-02-07,291.1940612792969,297.860691549558,290.17808160206255,296.24484477716817,28533300
528,2022-02-08,294.68707275390625,295.65465574286134,290.2265293484021,291.48437542272796,32421200
529,2022-02-09,301.1214599609375,301.81812081600225,297.4253157990667,299.82490244451157,31284700
530,2022-02-10,292.57769775390625,299.0991965098226,290.95216570355126,294.183888778049,45386200
531,2022-02-11,285.4756774902344,294.4258196414898,284.6822523965232,293.3614725070343,39175600
532,2022-02-14,285.43695068359375,287.13990600791016,281.9052790638438,284.24681310649265,36359500
533,2022-02-15,290.7296142578125,291.04890359942823,287.3914416813156,290.2845344237078,27058300
534,2022-02-16,290.3902587890625,291.7185834522339,284.74727570714555,289.2946246977342,29982100
535,2022-02-17,281.88702392578125,287.77237333129176,281.1792173127968,287.34575422063546,32461600
536,2022-02-18,279.1722106933594,284.92183458390497,277.601489929,284.13647420172526,34264000
537,2022-02-22,278.96856689453125,282.67238298045737,275.84650682874826,276.3312985806441,41736100
538,2022-02-23,271.7452087402344,282.8275727475832,271.5803960838196,281.35378660921566,37811200
539,2022-02-24,285.6296691894531,286.1823390203235,263.26136530225386,264.2212733214886,56989700
540,2022-02-25,288.26690673828125,288.57718060139933,282.7790598404249,286.16292683070213,32546700
541,2022-02-28,289.701904296875,290.04126448899723,284.0880067320678,285.35815893426843,34627500
542,2022-03-01,285.97869873046875,290.84599781965625,283.26384685818056,287.3845772168943,31217800
543,2022-03-02,291.059326171875,292.3003920940344,284.7667375809277,286.37622044505133,31873000
544,2022-03-03,286.919189453125,293.90987886372875,285.10604328173724,293.6771882703284,27314500
545,2022-03-04,281.0434875488281,286.667090171543,278.43533489207505,285.3387653764105,32356500
546,2022-03-07,270.42657470703125,280.8786850901457,270.0581281920922,279.75396452482715,43157200
547,2022-03-08,267.45965576171875,275.32296496007893,261.78758549153326,269.35032612555074,48159500
548,2022-03-09,279.724853515625,280.79140133597923,272.2396673436956,274.8187631313371,35204500
549,2022-03-10,276.90338134765625,277.88267026842374,272.04575796281966,274.41154435304935,30628000
550,2022-03-11,271.5513000488281,280.7041720750728,270.93075230973267,279.2012996634574,27209300
551,2022-03-14,268.0317077636719,276.7191690212427,267.43057063229696,271.81307809759875,30660700
552,2022-03-15,278.4159240722656,279.065558101827,270.2520467522859,271.82276744576046,34245100
553,2022-03-16,285.4356689453125,285.6101868544143,274.58602842276696,280.31624023029934,37826300
554,2022-03-17,286.240478515625,286.6186007423343,280.56840840023403,284.369189223697,30816600
555,2022-03-18,291.2919616699219,291.84463136231534,283.8261865282108,286.3858715630049,43390600
556,2022-03-21,290.0606384277344,291.0108410246082,285.93020275050657,289.79886150329435,28351200
557,2022-03-22,294.81158447265625,295.7229954158394,289.68247898846056,290.68114890416,27599700
558,2022-03-23,290.380615234375,294.0068784229763,288.66446272341494,291.36960955369653,25715400
559,2022-03-24,294.850341796875,294.947306062615,289.2461504734421,290.0412160274347,24484500
560,2022-03-25,294.44317626953125,296.20782573706765,290.18671913558006,295.9460487854715,22566500
561,2022-03-28,301.2497253417969,301.34666005895576,295.07345113034086,295.07345113034086,29578200
562,2022-03-29,305.81634521484375,306.2138780134715,299.6497785681732,304.36196991762364,30393400
563,2022-03-30,304.3134765625,306.33993220572023,302.10282726832855,304.21654187968613,28163600
564,2022-03-31,298.9323425292969,305.5546156451536,298.52513395302805,304.3523117591246,33422100
565,2022-04-01,300.00860595703125,300.69700210930256,296.24661641051176,299.9601090176987,27110500
566,2022-04-04,305.3898010253906,305.52552736664273,300.28978092985705,300.65822749651744,24289600
567,2022-04-05,301.4241943359375,305.29282394515957,300.4449053012834,303.74148406124976,23156700
568,2022-04-06,290.3902587890625,297.66213505256155,287.68511253402556,295.907191281451,40110400
569,2022-04-07,292.2033386230469,294.4139875468323,287.3360407054969,287.63660918628034,31411200
570,2022-04-08,287.937255859375,291.9610220629479,287.26824077806,291.30171228666035,24361900
571,2022-04-11,276.5834655761719,283.7098823533749,276.33136433660695,282.9148461789771,34569300
572,2022-04-12,273.480712890625,281.8966903613932,271.95845973176773,280.44231514730166,30966700
573,2022-04-13,278.87164306640625,279.80243508000837,272.7438673323913,274.1303944317771,21907200
574,2022-04-14,271.31854248046875,279.5406213549025,270.824075007664,279.3273117976379,28221600
575,2022-04-18,271.98760986328125,273.8686046152855,269.8739244910196,270.42659430347726,20778000
576,2022-04-19,276.6221923828125,277.4657549794319,269.94177668947515,270.8822739757197,22297700
577,2022-04-20,277.64990234375,280.8883371030893,276.6900241975138,280.5974443146908,22906700
578,2022-04-21,272.2688293457031,284.37892175415794,271.54164148279,279.8024849533173,29454600
579,2022-04-22,265.6950378417969,274.58613398289475,265.06481431264797,273.1123477234531,29405800
580,2022-04-25,272.1814880371094,272.5596102250069,262.5341201377057,264.9774895553303,35678900
581,2022-04-26,262.0009460449219,269.89334310450863,261.78763641686004,269.05951520621727,46518400
582,2022-04-27,274.6054992675781,282.1197730129034,270.6689917758845,273.5195702477104,63477700
583,2022-04-28,280.8205261230469,282.1294700096168,272.89901443389357,276.51557221439435,33646600
584,2022-04-29,269.0788269042969,281.0628954479974,268.08986229591125,279.8315053530754,37073900
585,2022-05-02,275.8174743652344,276.27317988457435,267.81840889699976,269.26307913115687,35151100
586,2022-05-03,273.2092590332031,275.4877863561019,271.62883306903626,275.3229441287677,25978600
587,2022-05-04,281.15985107421875,282.0324703593983,268.31286891823476,273.99461437075183,33599300
588,2022-05-05,268.9140625,277.6403163642119,265.99560590571105,276.8549558835807,43260400
589,2022-05-06,266.3736877441406,270.7561945471367,263.018907502902,266.4512414054531,37780300
590,2022-05-09,256.5324401855469,264.07580012501256,255.31078485449888,261.845769469364,47726000
591,2022-05-10,261.30279541015625,265.4235259500196,257.00754691357685,263.426185984904,39336400
592,2022-05-11,252.625,263.106196550313,251.4130204767044,257.5989686979002,48975900
593,2022-05-12,247.5831756591797,251.97538813892353,242.41529334839248,249.85199770937754,51033800
594,2022-05-13,253.1776580810547,255.03927156224293,247.5831715118463,249.52233865963544,34925100
595,2022-05-16,253.54611206054688,257.73472032490156,248.00009267052445,252.0529450276407,32550900
596,2022-05-17,258.704345703125,260.1683970586015,254.47694512701054,258.015919929837,28828800
597,2022-05-18,246.92556762695312,256.1775057639479,245.65245723489335,255.5943947492182,31356000
598,2022-05-19,246.01202392578125,250.41448076629942,244.78750863973613,246.75061832907582,32692300
599,2022-05-20,245.44839477539062,251.26002017736235,239.50072692589913,249.99660787697098,39199300
600,2022-05-23,253.31056213378906,254.136633604883,246.29386307125506,248.2958696586072,33175400
601,2022-05-24,252.30955505371094,253.97139617261885,246.36188817908726,250.6282877764163,29043900
602,2022-05-25,255.1278839111328,257.12987553074527,249.88967233422647,250.87124198612855,28547900
603,2022-05-26,258.41278076171875,259.588701272369,254.06864585399154,254.88498957150392,25002100
604,2022-05-27,265.5460205078125,265.6432106108874,260.0259666889206,260.9200741156522,26910800
605,2022-05-31,264.2146301269531,267.03296546550257,261.35741281139883,264.85604928536924,37827700
606,2022-06-01,264.7491760253906,269.8707720178327,262.4361876229135,267.4508952453175,25292200
607,2022-06-02,266.8482971191406,266.9163331602478,254.2338100694297,257.00356501404997,44008200
608,2022-06-03,262.416748046875,265.75018841702905,260.85209677085874,262.69859051173177,28059000
609,2022-06-06,261.1824951171875,266.4595892028753,259.6955782848042,264.3992892425282,22400300
610,2022-06-07,264.8269348144531,265.439199996227,258.45165391231484,259.13195514945534,22860700
611,2022-06-08,262.7957763671875,265.3128433735348,262.01828503853517,264.0591589961378,17372300
612,2022-06-09,257.33404541015625,265.03101725984766,257.17854713483496,260.23984343092275,26439700
613,2022-06-10,245.8662567138672,253.2425174195424,245.4192029712448,253.2425174195424,31422800
614,2022-06-13,235.4384002685547,242.00806063802048,234.72895987314584,238.20815546124874,46135800
615,2022-06-14,237.60562133789062,238.82042366109098,234.70952192240742,236.99335622167607,28651500
616,2022-06-15,244.6708984375,248.11122688546928,239.4812665255515,241.31804702603347,33111700
617,2022-06-16,238.07208251953125,240.4530919195721,236.17699401048355,239.05363738085111,33169200
618,2022-06-17,240.6766357421875,243.44639103289649,237.1585728805667,237.80970516091955,43084800
619,2022-06-21,246.5951690673828,247.57672404798697,242.48426715302713,243.2131485780948,29928300
620,2022-06-22,246.00233459472656,249.92858401068787,243.32004157236312,244.7972453506843,25939900
621,2022-06-23,251.57098388671875,252.06663275402386,246.4882696524393,248.37364534024357,25861400
622,2022-06-24,260.16204833984375,260.43416284351514,254.350423997837,254.4378861963467,33923200
623,2022-06-27,257.4312744140625,260.7452299570054,255.86659317241654,260.65776772485395,24615100
624,2022-06-28,249.25804138183594,259.39434610201437,249.1025431062474,256.54685622231653,27295500
625,2022-06-29,252.93153381347656,254.59337483903536,248.55823127416383,250.33670338913439,20069800
626,2022-06-30,249.59812927246094,252.22211413062385,245.77879792014835,249.81193566577983,31730900
627,2022-07-01,252.27072143554688,252.4553737795161,247.4406805657067,249.17057288707923,22837700
628,2022-07-05,255.44862365722656,255.57496783684243,247.56698604768548,248.94699962740748,22941000
629,2022-07-06,258.71405029296875,260.443927865149,255.0113346488174,256.3233272793408,23824400
630,2022-07-07,260.84234619140625,261.4837653703721,257.5575159983353,257.65470611483187,20859900
631,2022-07-08,260.12322998046875,260.55084282770747,255.8762852396449,257.33404822115955,19658800
632,2022-07-11,257.0618896484375,259.02499945053415,254.79748159613314,258.16977390244966,19455200
633,2022-07-12,246.52711486816406,258.45161825659886,244.94300794231012,258.39331011954675,35868500
634,2022-07-13,245.60391235351562,246.41054299605662,241.12372012343707,243.1451532705641,29497400
635,2022-07-14,246.92556762695312,247.95571756773037,239.01477592635922,243.51440822943295,25102800
636,2022-07-15,249.49124145507812,253.0384582835576,247.59615280932707,248.51939960298733,29774100
637,2022-07-18,247.09080505371094,253.4952396670065,246.16755820714366,252.4359355465149,20975000
638,2022-07-19,252.22213745117188,252.40678979239573,246.53685617166215,250.32703380524785,25012600
639,2022-07-20,254.8849334716797,257.4117280363677,251.61955932033453,252.58167319380988,22788300
640,2022-07-21,257.3825988769531,257.4312087657086,249.7925161981688,252.47480926653154,22404700
641,2022-07-22,253.02874755859375,257.85880307784385,251.77509283820282,257.77134086420693,21881300
642,2022-07-25,251.54183959960938,254.13667066328307,249.57872953188095,253.65074968687145,21056000
643,2022-07-26,244.80694580078125,252.56225411501038,242.5425674350256,252.54279829754145,39348000
644,2022-07-27,261.1727600097656,262.4458704154243,251.56125987665692,253.80621209782652,45994000
645,2022-07-28,268.6268310546875,270.01655789466145,260.32729267977885,262.15436025094607,33459300
646,2022-07-29,272.8348693847656,274.05939959701226,268.84061364788005,269.88049153738285,32152800
647,2022-08-01,270.1817626953125,273.3596748735574,268.0728528273835,269.9971103708195,21539600
648,2022-08-02,267.08160400390625,270.0651658211096,264.71030734261404,268.22837035337625,22754200
649,2022-08-03,274.51611328125,275.5171089988663,268.82110576466056,268.966905739411,23518900
650,2022-08-04,275.66290283203125,275.8086731609637,272.2809125677745,273.864989686515,18098700
651,2022-08-05,274.94384765625,275.66300130805973,270.83294496226716,271.28971192826526,16774600
652,2022-08-08,272.4267578125,277.86907896921457,271.4549158080247,276.0517095079037,18739200
653,2022-08-09,274.3509216308594,275.1089570301665,269.7929813266096,271.7658486047469,23405200
654,2022-08-10,281.0177917480469,281.6494830162943,278.8603016635988,280.05567781115093,24687800
655,2022-08-11,278.93804931640625,283.0100692187593,278.44243011883435,282.6602203734145,20065900
656,2022-08-12,283.69036865234375,283.69036865234375,278.8603132900209,280.35695809957093,22619700
657,2022-08-15,285.2064514160156,285.89645087966176,281.9410471199956,282.8060006707274,18085700
658,2022-08-16,284.4678039550781,285.7603701530743,282.2423075949929,283.7680766752534,18102900
659,2022-08-17,283.7178955078125,285.69492065907355,281.91616605164813,282.1791095942932,18253400
660,2022-08-18,282.597900390625,284.2924848210628,281.5363182612863,282.61736778226833,17186200
661,2022-08-19,278.682861328125,281.7019722471869,278.1082610446249,281.36109961223826,20570000
662,2022-08-22,270.501953125,275.0890346292329,269.9857849703513,274.7189461935972,25061100
663,2022-08-23,269.2261657714844,271.5829980474933,268.21329675670336,269.2261657714844,17527400
664,2022-08-24,268.59320068359375,269.9956259083875,267.9309228621196,268.2231121213267,18137000
665,2022-08-25,271.5733337402344,271.7388808966969,267.35630971117797,270.09297956266056,16583400
666,2022-08-26,261.0941162109375,273.02444918596143,260.98700095652805,271.79731971202773,27549300
667,2022-08-29,258.3087158203125,260.42207206076966,256.96472277902944,258.91253188901453,20338500
668,2022-08-30,256.107666015625,260.0811832744285,253.85794901183368,259.71112453246474,22767100
669,2022-08-31,254.64686584472656,260.13967295694687,254.51050491907353,258.464585387242,24791800
670,2022-09-01,253.604736328125,254.08196976325243,248.7449621832314,252.11466357044213,23263400
671,2022-09-02,249.37803649902344,257.831522209211,247.8295315839085,254.8708733039259,22855400
672,2022-09-06,246.641357421875,251.10182772851883,245.36554468319423,249.51438808388207,21328200
673,2022-09-07,251.3550567626953,252.07573671931658,246.61214569878825,248.05352047263693,24126700
674,2022-09-08,251.7738037109375,253.63396504293286,248.141143754038,250.7901802862265,20319900
675,2022-09-09,257.558837890625,258.30876355813575,253.49767178964203,253.70218346204774,22084700
676,2022-09-12,259.6916809082031,260.47082249672275,258.24057242382844,258.84438857917326,18747700
677,2022-09-13,245.41424560546875,253.60477266828747,245.02467481719648,252.08548374554073,33353300
678,2022-09-14,245.63821411132812,247.59575696535708,243.3397987103975,246.91402673215828,23913000
679,2022-09-15,238.9767303466797,244.83962570319943,237.65221941398767,243.252171211811,31530900
680,2022-09-16,238.3534393310547,238.89882358010237,235.74336703268992,237.88595437992277,39791800
681,2022-09-19,238.1392059326172,238.74302215341444,234.56497709875475,236.1426981198614,26826900
682,2022-09-20,236.12319946289062,237.1555361018201,233.38652954179466,235.75312576969003,26660300
683,2022-09-21,232.71453857421875,241.19725554129616,232.66584036427636,237.89571901145976,28625600
684,2022-09-22,234.69155883789062,237.49640922958957,231.37055498618827,231.66271451815115,31061200
685,2022-09-23,231.71141052246094,234.83765123018225,229.0623884800835,233.28913142247737,34176000
686,2022-09-26,231.25367736816406,235.14929632525457,230.71802678944272,230.8641214166978,27694200
687,2022-09-27,230.24081420898438,235.49015995931182,228.38065266127452,233.71764626825262,27018700
688,2022-09-28,234.77919006347656,236.0063045149293,228.60462357889685,230.63034693887,29029700
689,2022-09-29,231.3023681640625,233.68843172668625,228.29300618270508,232.65609511384054,27484200
690,2022-09-30,226.8223876953125,234.26301864836014,226.6568256876074,232.07173317953664,35694800
691,2022-10-03,234.45782470703125,235.30511704742838,228.53648230029808,229.2669108311526,28880400
692,2022-10-04,242.3854217529297,243.8267966387145,238.58718426741393,238.6943143855835,34888400
693,2022-10-05,242.69705200195312,244.04104526402548,237.73014687189743,239.57082618879338,20347100
694,2022-10-06,240.34994506835938,243.80730987931113,239.65848102253324,241.46019588133413,20239900
695,2022-10-07,228.12742614746094,235.02267271918691,227.08534105905326,234.61361969677648,37769600
696,2022-10-10,223.26760864257812,228.4390392066137,220.81336511943118,226.96844874814175,29743600
697,2022-10-11,219.5278778076172,223.08262427444694,218.2617986342917,221.6801990277238,30474000
698,2022-10-12,219.85897827148438,221.91391771043942,218.11569545862955,219.51810569426297,21903900
699,2022-10-13,228.12742614746094,229.93888935580085,213.41172657654943,214.11293909981683,42551800
700,2022-10-14,222.59567260742188,231.04917376716926,222.38141236844757,229.39352376407572,30198600
701,2022-10-17,231.3315887451172,232.72428023302328,229.00395704070687,229.66621998295358,28142300
702,2022-10-18,232.2762908935547,237.56458673552382,229.2279641654272,236.89260491773592,26329600
703,2022-10-19,230.30899047851562,233.3573170929322,228.17613670425018,230.85437475930172,19985700
704,2022-10-20,229.98757934570312,235.01293095415457,228.7409825706679,229.61750568038707,21811000
705,2022-10-21,235.8018035888672,236.65884448891248,228.3806544553497,228.61439693552748,26299700
706,2022-10-24,240.79794311523438,241.37254333610227,235.00321297699924,237.3990102771564,24911200
707,2022-10-25,244.11895751953125,244.4890312031249,239.41499599959158,240.8076725980602,34775500
708,2022-10-26,225.28366088867188,232.08151209348918,224.05653135483254,225.1375662552775,82543200
709,2022-10-27,220.8328857421875,227.59178658537854,219.8881970156547,225.01093027224846,40424600
710,2022-10-28,229.71487426757812,230.4258353283735,220.15113878058648,220.33618303310567,40647700
711,2022-10-31,226.072509765625,228.78969742408265,225.1180724304389,227.65996437056043,28357300
712,2022-11-01,222.21583557128906,229.5883013482599,221.3977591826353,228.47805057491365,30592300
713,2022-11-02,214.35641479492188,225.2641436679967,214.2979680342713,223.47216271711693,38407000
714,2022-11-03,208.6590576171875,214.65831343540998,208.39609921791416,214.34665683470016,36633900
715,2022-11-04,215.6127471923828,215.80752514784365,207.860459735956,211.87295694935526,36789100
716,2022-11-07,221.9236297607422,222.4495465508367,215.50560220664244,216.19708099047648,33498000
717,2022-11-08,222.89759826660156,225.60505256078318,219.9466677599172,222.73203622537275,28192500
718,2022-11-09,218.65133666992188,222.66383409917907,218.4760409587585,221.43670467861034,27852900
719,2022-11-10,236.6393585205078,236.98023110784243,228.86760321897782,229.2863751045428,46268000
720,2022-11-11,240.66159057617188,241.5186314660159,235.61675651178047,236.64910797482275,34620200
721,2022-11-14,235.24668884277344,237.54510458377084,232.9677553572084,235.67520929864517,31123300
722,2022-11-15,235.6557159423828,240.55445528008838,233.76633849082606,239.2494265791224,31390100
723,2022-11-16,236.08541870117188,238.10708979905047,234.8060105698504,237.12066452033324,24093300
724,2022-11-17,236.03660583496094,237.5699524551827,232.08118792162216,232.22767936193608,23123500
725,2022-11-18,235.58734130859375,238.0485016751928,233.44847699378025,237.82386161024547,27613500
726,2022-11-21,236.3979949951172,238.95681170567795,235.55807589816013,235.79246222127256,26394700
727,2022-11-22,239.3083953857422,239.58185601879657,235.08927783112682,237.90201790004144,19665700
728,2022-11-23,241.79881286621094,242.48246433177005,238.5661063699723,239.38648812864324,19508500
729,2022-11-25,241.71096801757812,242.89270545912507,240.9687049278587,241.53516337435977,9200800
730,2022-11-28,236.11473083496094,240.89054534482318,235.17715584666723,240.33386298973988,24778200
731,2022-11-29,234.71812438964844,237.1206732847148,232.64763267479685,235.76313137502686,17956300
732,2022-11-30,249.1823272705078,249.36789304086898,234.25912563366484,234.95255326462177,47594200
733,2022-12-01,248.74281311035156,250.13941445901602,245.06084106912186,247.9419535295198,26041500
734,2022-12-02,249.06509399414062,250.08080264924362,243.85955174333637,243.98652091365602,21528500
735,2022-12-05,244.357666015625,247.89314681984325,242.26763698881598,246.12539896649085,23435300
736,2022-12-06,239.3962860107422,245.97890805258777,238.08757944681767,244.96319927673994,22463700
737,2022-12-07,238.66380310058594,240.41201382796567,236.55425177558644,239.11306837036958,20481500
738,2022-12-08,241.62303161621094,242.93175300820135,237.38437721752427,239.12281178477338,22611800
739,2022-12-09,239.68930053710938,242.51181678446366,238.4587276242361,238.9861117576139,20609700
740,2022-12-12,246.61373901367188,246.6430373039938,241.39843470154545,241.67189534620834,30665100
741,2022-12-13,250.92076110839844,257.75730647644866,247.16065519497627,255.57936772226543,42196900
742,2022-12-14,251.21372985839844,256.4583317412534,248.3716768672205,251.1258349994924,35410900
743,2022-12-15,243.19546508789062,248.26427792829423,241.5644623556632,247.7954903825162,35560400
744,2022-12-16,238.97630310058594,244.00604068729888,237.82384925686793,242.74616973438398,86102000
745,2022-12-19,234.83531188964844,239.48417191084002,233.13595171264518,239.14233870840474,29696400
746,2022-12-20,236.15379333496094,237.23787460638482,232.8527140773399,233.80982617655218,25150800
747,2022-12-21,238.72239685058594,239.8846119779552,234.50327934808365,236.04638713125163,23690600
748,2022-12-22,232.62811279296875,236.3393833310989,228.408980416361,235.6264185705002,28651700
749,2022-12-23,233.15548706054688,233.29221736870184,228.47734339350782,230.59667062115278,21207000
750,2022-12-27,231.4268341064453,233.35081959548367,230.32321558372178,233.1261944200352,16688600
751,2022-12-28,229.05357360839844,234.12238618004355,228.7019792420853,231.35846669812094,17457100
752,2022-12-29,235.38226318359375,236.27101770155872,230.14742187789756,230.14742187789756,19770700
753,2022-12-30,234.2200469970703,234.35677730572505,231.13383157030836,232.64764099629804,21938500
754,2023-01-03,233.9856414794922,240.011565882423,231.85653825258547,237.40391403529475,25740000
755,2023-01-04,223.7503662109375,227.43232343462765,220.6836879280111,226.85610390975128,50623400
756,2023-01-05,217.11891174316406,222.2365596343891,216.58175162726957,221.89472640541456,39585600
757,2023-01-06,219.67774963378906,220.48837045082183,214.2280589162467,217.79282338281794,43613600
758,2023-01-09,221.8165740966797,225.840379162237,221.12316147080284,221.16222088392175,27369800
759,2023-01-10,223.5062255859375,225.90877481221747,222.02171429578453,222.44166639292362,27033900
760,2023-01-11,230.26461791992188,230.44040764705468,225.71342844154773,225.88921816868051,28669300
761,2023-01-12,232.9406280517578,234.29817003437267,228.10621681309263,229.76651770584309,27269500
762,2023-01-13,233.64382934570312,233.78055966417364,229.43447286012528,231.4659053791777,21333300
763,2023-01-17,234.73765563964844,235.28457684093857,231.5537695139473,232.41322563168038,29831300
764,2023-01-18,230.30368041992188,236.72027379093637,230.0204586660314,235.9291902032741,30028700
765,2023-01-19,226.5142822265625,230.02046480616403,225.29347050869634,228.3210895299991,28623000
766,2023-01-20,234.61070251464844,235.11856433736398,229.03402830061015,229.37586152604075,35389800
767,2023-01-23,236.9156036376953,239.4451219045726,234.05401326238723,235.4701667569778,31934000
768,2023-01-24,236.38819885253906,238.2536026618758,234.82556885560982,236.83746410442902,40234400
769,2023-01-25,234.99156188964844,237.61875059165382,225.50829171026066,229.00469759411132,66526600
770,2023-01-26,242.2090301513672,242.51178905465864,236.3491342606083,237.96059966957264,33454500
771,2023-01-27,242.36526489257812,243.996267240312,241.066319690554,243.1758855029759,26498900
772,2023-01-30,237.0425567626953,239.86507262695676,236.54445608504085,238.80051357034338,25867400
773,2023-01-31,242.02346801757812,242.16019832764178,237.2769516789598,237.765276343828,26541100
774,2023-02-01,246.8480987548828,249.22134928704855,239.7380933835384,242.2090148020215,31259900
775,2023-02-02,258.42144775390625,258.5093426268986,251.2430684097747,252.7764151835844,39940400
776,2023-02-03,252.31736755371094,258.03077225795073,251.09655585643634,253.47958267391422,29077300
777,2023-02-06,250.77423095703125,252.26850319934903,248.83070838044688,251.42859910463446,22518000
778,2023-02-07,261.3122863769531,262.49402369384705,254.00693882575916,254.44644293620124,50841400
779,2023-02-08,260.5016174316406,270.2974064213473,259.99374083955513,266.82053811306423,54686000
780,2023-02-09,257.4642639160156,267.58236538521874,256.66340439835324,267.4065458729489,42375100
781,2023-02-10,256.9563903808594,257.92326347563693,254.57336413487155,255.42304410361132,25818500
782,2023-02-13,264.9844970703125,268.187905604371,260.9118563468283,261.39043477453396,44630900
783,2023-02-14,265.81463623046875,268.54924217498206,262.9921056261591,266.3029608494868,37047900
784,2023-02-15,263.69000244140625,265.07053065688496,260.61562828503037,262.7109069591907,28922400
785,2023-02-16,256.669921875,261.1639673790336,256.42514795944504,258.50082598261054,29603600
786,2023-02-17,252.66539001464844,254.65295274483813,250.64845561375148,253.96760380179387,30000100
787,2023-02-21,247.3881072998047,250.14916432899577,246.33068215712393,249.1602681162162,28397400
788,2023-02-22,246.25230407714844,249.02314613774428,245.10676413376063,248.77837226249528,22491100
789,2023-02-23,249.44415283203125,251.47087265175512,245.24382497088402,250.2176316666575,29219100
790,2023-02-24,244.0101776123047,245.75296637788725,242.91359545143786,244.73471364848396,24990900
791,2023-02-27,244.93055725097656,247.53495511519347,244.17664946084787,247.18248010394746,21190000
792,2023-02-28,244.2060089111328,246.23274385931393,243.53043059507243,243.86333443445264,22491000
793,2023-03-01,241.12185668945312,245.6844304356118,240.6518800855354,245.51798599082042,27565300
794,2023-03-02,245.86065673828125,246.14458784259813,240.47563181385058,241.39598391857754,24808200
795,2023-03-03,249.95327758789062,250.27638088786867,246.1348112059888,246.91809057504366,30760100
796,2023-03-06,251.500244140625,254.68230436172686,250.62884978536187,251.0694397510907,24109800
797,2023-03-07,248.83712768554688,252.30313429367388,248.09302044698885,250.94217713898314,21473200
798,2023-03-08,248.39654541015625,249.21898211098042,245.56695978437247,248.72943432146894,17340200
799,2023-03-09,247.04541015625,254.1340527730051,246.32087403041797,250.47224477280037,26653400
800,2023-03-10,243.39337158203125,247.5055701134534,242.42407649965673,245.83132500399927,28333900
801,2023-03-13,248.61195373535156,252.51855056988012,240.59315835594796,242.22824622027488,33339700
802,2023-03-14,255.33831787109375,255.61246340953107,250.51136939968598,251.38276377682135,33620300
803,2023-03-15,259.89111328125,260.9093809729157,253.79133752741032,254.5452601893461,46028000
804,2023-03-16,270.4262390136719,270.7786991165704,257.7763096695362,259.665957162543,54768800
805,2023-03-17,273.58868408203125,277.4071510542046,270.54371102205045,272.4431589301929,69527400
806,2023-03-20,266.5391540527344,271.67940495199,264.2089021976658,271.189857247299,43466600
807,2023-03-21,268.0567932128906,269.2512910447104,263.8858363792266,269.1338043529948,34558700
808,2023-03-22,266.59796142578125,275.1650483157533,266.49024536747226,267.68474324903065,34873300
809,2023-03-23,271.85565185546875,275.1845704783979,269.4470853649454,272.1297973919541,36610900
810,2023-03-24,274.7048645019531,274.76360784861777,269.52544032042374,271.44445936393123,28172000
811,2023-03-27,270.6023864746094,275.5761778684438,269.7603489086351,274.6362546679593,26840200
812,2023-03-28,269.47650146484375,270.3674820752308,266.3629546475742,270.0247926282162,21878600
813,2023-03-29,274.6460876464844,275.26292259083164,272.58998112520123,273.12847169713626,25087000
814,2023-03-30,278.1120910644531,278.51352384288515,275.59583810054556,278.28835097959796,25053400
815,2023-03-31,282.2732238769531,283.22294771783334,277.0840296203647,277.79878010007826,32766000
816,2023-04-03,281.2256164550781,282.243854280698,278.01418435050056,280.5304371238125,24883300
817,2023-04-04,281.17669677734375,284.3783588486716,279.6982825841674,281.2256694902647,25824300
818,2023-04-05,278.39599609375,281.1472519122107,277.0056972902033,279.8744397816824,22064800
819,2023-04-06,285.5042419433594,285.9741886409237,276.13429122558216,277.28961669659077,29770300
820,2023-04-10,283.3404541015625,283.5460557851989,278.75826456602096,283.16419420739436,23103000
821,2023-04-11,276.91754150390625,280.0017159473279,275.7524454559277,279.77651324649406,27276600
822,2023-04-12,277.5638122558594,281.01024801713993,276.0657971281388,278.83665451028776,27403400
823,2023-04-13,283.7810363769531,283.8397797166335,277.2504861189615,277.6616894967238,24222700
824,2023-04-14,280.15838623046875,282.44946599648506,277.7595904276163,281.00039397472506,20987900
825,2023-04-17,282.76275634765625,285.50424155811174,280.1779598756737,283.8691389960497,23836200
826,2023-04-18,282.34173583984375,285.6608835895026,281.0101804374834,285.4748530730522,20161800
827,2023-04-19,282.420166015625,283.0075995306708,278.5918982512192,280.01156908541924,17150300
828,2023-04-20,280.1289978027344,282.98796979588815,279.1205306378155,279.28699001904164,23244400
829,2023-04-21,279.7863464355469,280.28566483452795,277.14277656950355,279.0520247927153,21676400
830,2023-04-24,275.8797302246094,278.9932766450886,272.8935008803915,276.19304795792937,26611000
831,2023-04-25,269.66253662109375,275.7133405569095,269.6135639108985,273.6670342373716,45772200
832,2023-04-26,289.1954345703125,293.30764764371935,286.61063797416637,290.49764832472823,64599200
833,2023-04-27,298.45770263671875,298.8199931125039,289.0779798089215,289.78292984563893,46462600
834,2023-04-28,300.8369140625,302.4719869299771,296.9694746134844,297.65485346356644,36469600
835,2023-05-01,299.1724548339844,302.14891388087307,298.7710220447965,300.5529832417884,21294100
836,2023-05-02,299.0256042480469,302.71678406961206,297.55696078190715,301.32648498759136,26404400
837,2023-05-03,298.03668212890625,302.1586660652437,297.733164896042,300.21027546467184,22360800
838,2023-05-04,299.0256042480469,301.32648498759136,297.0576124419387,299.83824048560797,22519900
839,2023-05-05,304.1559753417969,305.44838842096743,297.90934200542574,299.32904226537187,28197100
840,2023-05-08,302.1978454589844,303.7154615391141,299.6913631590147,303.6469176772524,21318600
841,2023-05-09,300.582275390625,303.55873365003725,299.90669720214623,301.5613707502036,21340800
842,2023-05-10,305.78131103515625,306.4568893157109,301.23832348494085,302.1684462755373,30078000
843,2023-05-11,303.6272888183594,304.6161848272032,299.85779507616377,303.61751818157876,31680200
844,2023-05-12,302.5111999511719,304.15607355783874,300.1907479204044,304.058158011807,19774700
845,2023-05-15,302.9908752441406,303.4216796405487,301.15997149921776,302.63841521778266,16336500
846,2023-05-16,305.2232360839844,307.15205550564514,303.35316000473966,303.35316000473966,26730300
847,2023-05-17,308.1080627441406,308.5299869808576,304.90922423008425,306.4301577933981,24315000
848,2023-05-18,312.5432434082031,313.0535052333268,307.83332313670064,308.6281218082049,27276000
849,2023-05-19,312.3666687011719,312.76897905978745,310.4336325582829,310.79668509180397,27546700
850,2023-05-22,315.1533508300781,316.53689709363704,312.04284968121516,312.62177529023154,24115700
851,2023-05-23,309.3444519042969,316.664463629214,309.33462996251853,314.0249365560636,30797200
852,2023-05-24,307.9609069824219,310.5611762447715,306.7441540494219,308.8243994042462,23384900
853,2023-05-25,319.804443359375,320.7660354537529,313.99551318959146,317.17470817825347,43301700
854,2023-05-26,326.6436767578125,327.14408677109617,317.80273053545227,317.9400880084301,36630600
855,2023-05-30,324.9951171875,329.44011438601143,324.318062056043,328.93970446554357,29503100
856,2023-05-31,322.22808837890625,329.636407832276,321.18795072131485,326.0549025994876,45950600
857,2023-06-01,326.33941650390625,327.27160256990936,318.626916843916,319.81420387671255,26773900
858,2023-06-02,329.1065673828125,331.167169090588,326.3100386326135,327.9781519067527,25873800
859,2023-06-05,329.6364440917969,332.2072777754639,328.38046313393863,328.92995293144236,21307100
860,2023-06-06,327.4187927246094,329.07708381551254,325.9371468564524,329.03782599435294,20396200
861,2023-06-07,317.3121032714844,328.2136208854049,316.44861079811517,325.42691423177007,40717100
862,2023-06-08,319.15679931640625,320.51090965341575,317.28263514872793,317.8615607379673,23277700
863,2023-06-09,320.6581115722656,323.79804871469764,318.32276516845866,318.8918688562613,22529000
864,2023-06-12,325.6231384277344,325.8684474019989,319.05866788081994,322.4144778795906,24260300
865,2023-06-13,328.0173645019531,330.65689152573293,324.1905503980353,328.19397978099306,22951300
866,2023-06-14,331.0101013183594,332.678214257829,326.5651040717086,328.06639373925447,26003800
867,2023-06-15,341.5682373046875,343.2755782609129,330.87277152883553,331.1475163947217,38899100
868,2023-06-16,335.906494140625,344.87500521875836,335.53364962832507,344.7278258132524,46552000
869,2023-06-20,331.7067565917969,335.66113574405455,329.55784775287134,332.943123305957,26375400
870,2023-06-21,327.301025390625,331.3927920316485,325.838993566958,330.0582957138187,25117800
871,2023-06-22,333.33563232421875,333.7379426283081,327.0851645614221,327.85052734982696,23556800
872,2023-06-23,328.733642578125,331.6184785385029,327.19312496325193,328.08602328651534,23146900
873,2023-06-26,322.43408203125,329.8031423475633,322.3261305245052,327.4580044139379,21520600
874,2023-06-27,328.2920227050781,329.842361875658,323.12089160027244,325.6328525000323,24354100
875,2023-06-28,329.5481262207031,331.6381637529801,327.54639633761354,328.38045295097976,20259500
876,2023-06-29,328.7630615234375,329.8031691350396,326.37866558051627,328.4294449258427,16997000
877,2023-06-30,334.1501159667969,336.2990252033071,330.87279131879563,331.4124591410468,26832800
878,2023-07-03,331.6479187011719,334.5033188190337,330.25458046527325,332.8254137820231,12508700
879,2023-07-05,331.8049011230469,335.23922664394627,328.4490912403642,328.8023217775131,18172400
880,2023-07-06,334.86639404296875,336.55412113608645,329.2046731859424,330.97088598213605,28161200
881,2023-07-07,330.89239501953125,335.3766505894666,330.6765219083215,332.9529965456345,21214800
882,2023-07-10,325.603515625,328.93974184694355,321.4430847345039,328.3215584005841,32791400
883,2023-07-11,326.2314453125,326.6141116769602,320.8640846557816,324.84789933572927,26698200
884,2023-07-12,330.87274169921875,335.23922327928665,329.37145204151966,330.2839941982709,29995300
885,2023-07-13,336.2302551269531,337.2899765909283,332.65854252311846,333.1884182275758,20567200
886,2023-07-14,338.7619323730469,344.8357860625372,337.84939001164037,341.06784313435514,28352700
887,2023-07-17,339.2427062988281,340.4790431987355,335.77894468986676,339.19362653573205,20363900
888,2023-07-18,352.7444763183594,359.89769425596677,335.74949366384544,339.34079062698265,64738600
889,2023-07-19,348.4172058105469,355.6587310369043,345.82675878722245,354.9620619812482,39732900
890,2023-07-20,340.361328125,351.25305376506816,338.88947411809744,346.93562133380993,33778400
891,2023-07-21,337.3194580078125,343.72692730245325,333.45338612673345,342.5985119949176,69405400
892,2023-07-24,338.6343078613281,340.4103723937978,335.8868593129291,339.3604427915747,26678100
893,2023-07-25,344.3941955566406,345.2871238413171,338.595087649529,340.59678737512286,41637700
894,2023-07-26,331.4320068359375,338.2025578415129,326.85944439453834,335.0331554134673,58383700
895,2023-07-27,324.5143737792969,334.92527345110744,322.8756964700809,334.09124680022427,39635300
896,2023-07-28,332.020751953125,333.629993034326,326.91834377394594,327.40896167261354,28484900
897,2023-07-31,329.6167907714844,331.36338955022967,327.10479921092735,330.5980267133625,25446000
898,2023-08-01,330.0288391113281,332.18756980830966,327.43839221988986,328.90042395174487,18311900
899,2023-08-02,321.3547668457031,327.3697478835023,320.2361435127281,327.3697478835023,27761300
900,2023-08-03,320.5304870605469,323.69006750515837,319.8338180335655,319.88286784513633,18253700
901,2023-08-04,321.6294860839844,328.85139751963476,321.0996103397931,325.6525590625856,23741500
902,2023-08-07,323.9157409667969,324.8969767831622,321.37434379580344,322.20840022870215,17741500
903,2023-08-08,319.9319763183594,322.58132541763825,316.9392185852385,320.82490464522823,22327600
904,2023-08-09,316.1836853027344,320.97209180236405,315.02580407101107,320.34411633722664,22373300
905,2023-08-10,316.87054443359375,322.1005492501325,315.1533813786417,319.9025601772297,20113700
906,2023-08-11,314.9865417480469,316.3602660012063,313.22029918403376,314.25061483261044,24355500
907,2023-08-14,317.9596862792969,317.97930021692355,314.07397059332675,315.3594171589749,18836100
908,2023-08-15,315.820556640625,318.9899592196478,314.87857860821487,316.9391798843772,16966300
909,2023-08-16,315.05364990234375,319.00658950947815,314.4636557810038,315.44696931378786,20698900
910,2023-08-17,311.59234619140625,316.4990703161301,310.93351302834594,315.19127673474406,21257200
911,2023-08-18,311.19903564453125,313.0673251029197,306.35127777604174,309.24222157279775,24755000
912,2023-08-21,316.5089111328125,317.384044424445,311.7496780411196,312.6248113327521,24040000
913,2023-08-22,317.0792541503906,320.63884412186707,316.0959406772382,320.0685355111108,16084600
914,2023-08-23,321.5434875488281,323.7067890708429,318.0625496482568,318.41655808292467,21166400
915,2023-08-24,314.6308288574219,327.42374738223793,314.6209861195301,327.2959118230331,23281400
916,2023-08-25,317.590576171875,319.93083688219207,313.4803033090538,316.1057633191369,21684100
917,2023-08-28,318.29852294921875,320.70762249694076,316.351551838299,320.22580858906434,14808500
918,2023-08-29,322.929931640625,323.4904274361002,316.5088968490621,316.5088968490621,19284600
919,2023-08-30,323.3036193847656,324.30658824416685,321.0026696426028,323.1856265787588,15222100
920,2023-08-31,322.2908020019531,325.3882331373902,321.32714408962795,323.7067756652974,26411000
921,2023-09-01,323.1758117675781,326.4502324505812,321.3271776248165,325.7815864865364,14942000
922,2023-09-05,327.98419189453125,329.26251739486815,323.17580468951513,323.51012766421536,18553900
923,2023-09-06,327.3253173828125,328.87893910427783,324.67035962133593,327.81697400469045,17535800
924,2023-09-07,324.4049072265625,327.52199370609907,323.539586687025,325.76188443553343,18381000
925,2023-09-08,328.6921691894531,330.5506459747243,323.9624339954705,324.58192625722756,19530100
926,2023-09-11,332.3009338378906,332.7729350743732,329.83280759348713,331.6126024523964,16583300
927,2023-09-12,326.2338562011719,331.1701083762214,325.94871693840975,330.21629323552526,17565500
928,2023-09-13,330.4523010253906,331.2291270189504,325.64391407139624,325.7815623439832,16544400
929,2023-09-14,333.0482482910156,335.1721787492822,330.9537860249842,333.4907212996785,20267000
930,2023-09-15,324.70977783203125,331.76996140047095,324.14928194769504,331.2979901364791,37679800
931,2023-09-18,323.5691223144531,324.8867587399462,320.91416398907404,322.33013776149687,16834200
932,2023-09-19,323.1659240722656,323.89359635152607,319.095022437881,320.7273261877417,16505900
933,2023-09-20,315.41741943359375,324.09025057389067,315.1617783626277,324.01159870782635,21436500
934,2023-09-21,314.1981201171875,319.92101113625847,309.74371174856566,313.93263631012064,35560400
935,2023-09-22,311.7201843261719,316.0860981358559,310.8745192146817,315.9582625950678,21447900
936,2023-09-25,312.2413330078125,312.36916854605823,309.7437086689083,311.3071733116646,17836000
937,2023-09-26,306.93145751953125,310.60904001416407,304.8468079151213,309.87155496791354,26297600
938,2023-09-27,307.5706481933594,309.0554312215666,304.52237024133285,307.0888041568202,19410100
939,2023-09-28,308.40643310546875,310.2157261834966,304.2863475063599,305.8006285556267,19683600
940,2023-09-29,310.481201171875,314.1391281627372,309.7240606687745,312.4478279409763,24147300
941,2023-10-02,316.4302673339844,316.518791954941,309.9207368674109,311.0023877021163,20570000
942,2023-10-03,308.16064453125,316.02715284682466,306.0169982089116,315.4764696570545,21033500
943,2023-10-04,313.63763427734375,314.69962955610083,308.7604082061058,308.78990640782996,20720100
944,2023-10-05,314.03094482421875,314.6406243233155,309.64537557701226,313.76546101615116,16965600
945,2023-10-06,321.7991638183594,323.6969515428258,311.022026982247,311.26785534059786,25673600
946,2023-10-09,324.3164367675781,324.7884080000268,317.78722130749577,319.3310305664322,19891200
947,2023-10-10,322.9103088378906,325.57507980738603,322.202321974192,325.4374015243932,20557100
948,2023-10-11,326.873046875,327.2663662252011,323.64778019000204,325.6832160795872,20063200
949,2023-10-12,325.634033203125,328.06281823338145,323.23474637127896,325.05388196216046,19313100
950,2023-10-13,322.2612609863281,328.2594477815925,320.9140966320036,326.83366157957835,21072400
951,2023-10-16,327.08935546875,330.53095207086227,325.0833879040406,325.52586089073617,22158000
952,2023-10-17,326.5190124511719,327.8956450714172,321.9466116014847,324.0902273964624,18338500
953,2023-10-18,324.6015319824219,329.9900995519493,322.82173734889005,326.94182238673613,23153600
954,2023-10-19,325.7914123535156,331.2586326156587,325.38825024680347,326.60754929555145,25052100
955,2023-10-20,321.218994140625,326.381389371038,320.019350620081,326.18471469225653,25027700
956,2023-10-23,323.8247375488281,327.17783944474775,318.9770102658004,320.0389754077356,24374700
957,2023-10-24,325.01458740234375,326.3027255972939,322.13348624926266,325.77172794180206,31153600
958,2023-10-25,334.98541259765625,340.4231348794275,331.98628851300685,339.2628021799774,55053800
959,2023-10-26,322.4186706542969,335.9293882372037,321.4845108470067,334.8575801473551,37828500
960,2023-10-27,324.3066101074219,331.1013097225857,322.92013452668544,324.9162596517857,29856500
961,2023-10-30,331.6814270019531,333.78573199598327,326.2928589871081,327.84651090030354,22828100
962,2023-10-31,332.46807861328125,333.34324194155744,329.10516359659624,333.1957509335175,20265300
963,2023-11-01,340.29522705078125,341.62270595329534,333.9823427186433,334.1200209790302,28158800
964,2023-11-02,342.5077209472656,343.00919036132757,339.0169404715558,341.44572570080203,24348100
965,2023-11-03,346.9129638671875,348.4764586181646,341.5342382393827,343.7958771188286,23637700
966,2023-11-06,350.5807800292969,351.57393632100406,347.453850131168,347.5521874881877,23828300
967,2023-11-07,354.5140075683594,356.41179538181575,351.66240447944193,353.40285853517474,25833900
968,2023-11-08,357.13946533203125,357.7982685541479,354.53366062237825,355.6448096480016,26767800
969,2023-11-09,354.6712951660156,358.7028859089797,354.3467849553374,356.2544152579837,24847300
970,2023-11-10,363.5014953613281,363.92431294177396,355.04499371068613,355.45796855398606,28042100
971,2023-11-13,360.56134033203125,362.3214796716584,359.79435710159004,362.0756513284613,19986500
972,2023-11-14,364.0914306640625,365.7434199318085,361.22017242867213,364.81910296344984,27683900
973,2023-11-15,364.2392578125,367.64841915601704,361.71683864791095,365.8255911591098,26860100
974,2023-11-16,370.643798828125,370.821147278909,364.74177589351456,365.51031591616425,27182300
975,2023-11-17,364.4166259765625,368.87021288647435,361.6084886476014,368.12136824695096,40157000
976,2023-11-20,371.89508056640625,373.30406540619305,365.5496873613857,365.76645657283353,52465100
977,2023-11-21,367.58929443359375,370.6930122644204,365.66792954966576,370.151104255748,28423100
978,2023-11-22,372.299072265625,374.2105744423134,369.46137707263404,372.44686262583303,23345300
979,2023-11-24,371.8852233886719,372.4172987463729,369.62888709643283,371.78668646032,10176600
980,2023-11-27,373.04791259765625,375.0481191981454,370.67334381773094,371.24480993983406,22179200
981,2023-11-28,377.07781982421875,377.3734005384554,372.60450791019576,372.7917190522952,20453100
982,2023-11-29,373.2843933105469,378.654310364066,371.89510374186113,378.122265050378,28963400
983,2023-11-30,373.343505859375,374.5061634778247,369.9540398668522,372.9296627723548,30554400
984,2023-12-01,369.00811767578125,372.60448984781664,365.855116553608,371.22506313283355,33040500
985,2023-12-04,363.7170104980469,364.0914026926199,357.56866135332547,363.67758971521135,32063300
986,2023-12-05,367.04736328125,367.59913401406357,360.2487359832438,361.0665594377977,23065000
987,2023-12-06,363.38201904296875,368.6829873224875,362.6233417878435,368.05240507377636,21182100
988,2023-12-07,365.5004577636719,365.99311236097066,360.93847138160504,362.82041555159645,23118900
989,2023-12-08,368.7322692871094,368.95887115666653,362.8204141424842,363.776165260302,20154400
990,2023-12-11,365.84527587890625,366.140886665869,360.7216863332907,363.06672692464986,27708800
991,2023-12-12,368.88006591796875,368.91948670565927,365.0176405940666,365.4019256182351,24838300
992,2023-12-13,368.8702392578125,372.092219925607,365.32311975023094,370.4959935952551,30955500
993,2023-12-14,360.55413818359375,368.2691249851615,358.7805938980073,367.8257238791417,43277500
994,2023-12-15,365.2835998535156,366.9290489702267,360.8989629743707,361.46059629555646,78502300
995,2023-12-18,367.17547607421875,367.52034031624777,363.2637972546779,364.02250460099197,21802900
996,2023-12-19,367.7764587402344,367.7764587402344,364.40668862184964,366.03244251006566,20603700
997,2023-12-20,365.17529296875,370.5058193793613,365.086618748556,369.49095210036234,26316700
998,2023-12-21,368.0523986816406,368.90961285521604,364.60381655946395,367.08678486250125,17708000
999,2023-12-22,369.0771179199219,369.66830947141494,367.23459447201543,368.190345627308,17107500
1000,2023-12-26,369.15594482421875,371.4024485751995,368.01298255522846,369.4909463405908,12673100
1001,2023-12-27,368.57464599609375,369.5500925516314,367.33314669322573,368.2002236622604,14905400
1002,2023-12-28,369.7668151855469,370.92947276145065,368.66327375287557,369.8554894003956,14327000
1003,2023-12-29,370.5156555175781,371.61919693761735,367.9932665377033,370.47623473279145,18730800
1004,2024-01-02,365.4216003417969,370.37770417291745,361.3818268052928,368.3676650837192,25258600
1005,2024-01-03,365.15557861328125,367.7765045721429,363.09628608901477,363.58894066618615,23083500
1006,2024-01-04,362.53466796875,367.61886702823733,361.7759907127874,365.22457289866344,20901500
1007,2024-01-05,362.3474426269531,366.59412268972636,361.11580618022657,363.54952100172824,21004600
1008,2024-01-08,369.1855163574219,369.6880336849266,363.5889671694232,363.8746851951502,23134000
1009,2024-01-09,370.2694091796875,370.46645300820035,365.73698015432115,366.54494103821247,20830000
1010,2024-01-10,377.1468200683594,378.52627710766996,370.79159329119034,370.84084672720024,25514200
1011,2024-01-11,378.9794616699219,384.9405699760392,374.79189779905875,380.3293303889791,27850800
1012,2024-01-12,382.7630615234375,382.969968033559,378.99917320808413,379.82682931782017,21661200
1013,2024-01-16,384.53662109375,388.24139340844187,381.925557656747,387.8768338056293,27202300
1014,2024-01-17,383.7483825683594,384.37896483224864,379.1568380014038,382.28028145481545,22234100
1015,2024-01-18,388.083740234375,388.201972530476,384.38883063496286,385.965331411229,23392100
1016,2024-01-19,392.813232421875,392.813232421875,387.71917062186213,389.94597903844516,29331100
1017,2024-01-22,390.6849365234375,394.73454265352376,387.80782060564184,394.14335115597686,27016900
1018,2024-01-23,393.039794921875,393.5127541159421,388.14280748032206,389.9360772632564,20525900
1019,2024-01-24,396.64605712890625,399.670963497878,394.56706921313554,395.641052600286,24867000
1020,2024-01-25,398.9221496582031,401.03072587810215,396.6165296306349,398.38024160054783,21021200
1021,2024-01-26,397.9958801269531,400.20299286144075,396.51791654164043,398.42941851751783,17803300
1022,2024-01-29,403.7008972167969,403.9570872376775,398.39006605624104,400.09466184188676,24510200
1023,2024-01-30,402.5874938964844,406.98196463436994,400.47894778438507,406.2035919940408,33477600
1024,2024-01-31,391.7392578125,409.2186652214675,391.3746981830003,400.98146384693956,47871100
1025,2024-02-01,397.84808349609375,402.0060888531783,395.8971607693779,395.9267188378472,30657700
1026,2024-02-02,405.1788330078125,406.587817886619,397.6313612519742,397.87768854138443,28256700
1027,2024-02-05,399.690673828125,405.11973718115985,398.05505693610314,403.87823795810993,25352300
1028,2024-02-06,399.53302001953125,401.97659767351126,396.99093550042556,399.9173050428237,18382600
1029,2024-02-07,407.96728515625,408.21361247009133,401.41498462192203,401.45440541152726,22340500
1030,2024-02-08,408.0263977050781,409.4551081404497,406.4696223258111,407.9672815558181,21225300
1031,2024-02-09,414.37176513671875,414.6378178606117,408.9919854136341,409.1496384913206,22032800
1032,2024-02-12,409.15948486328125,414.5589597294503,408.6569675775543,414.381611300105,21202900
1033,2024-02-13,400.3508605957031,404.04577027322716,397.46391171761815,398.991129023294,27824900
1034,2024-02-14,404.22039794921875,404.56589993906414,399.3637286843402,402.81868833307914,20401200
1035,2024-02-15,401.3280944824219,403.86502912534854,399.08731730113595,402.8877787891035,21825500
1036,2024-02-16,398.8602600097656,403.0358361421353,398.24824344009687,402.71006595192074,22296500
1037,2024-02-20,397.6065979003906,399.284702922107,392.8881118101571,398.05078888046796,24307900
1038,2024-02-21,397.00445556640625,397.11305567339133,392.10829279576154,395.020342155489,18518900
1039,2024-02-22,406.3525695800781,407.51737721520215,403.3122186108832,404.9113664023,27009900
1040,2024-02-23,405.0594177246094,410.5083711673126,403.70705278478863,410.3208439519873,16295900
1041,2024-02-26,402.2954406738281,406.855981805031,402.1177341704529,406.16497794430535,16193500
1042,2024-02-27,402.23626708984375,403.0654537547415,398.65297570324026,402.73968356058333,14835800
1043,2024-02-28,402.4731750488281,404.0328292486966,400.10406595257604,402.9272470121027,13183100
1044,2024-02-29,408.3169860839844,408.8697771758562,400.6963316033454,403.3813298173751,31947300
1045,2024-03-01,410.1530456542969,410.51827940686405,405.5925039738578,405.9774695070198,17823400
1046,2024-03-04,409.58050537109375,411.97922704270553,407.0139581345592,408.11954029802524,17596000
1047,2024-03-05,397.4684143066406,408.91914348036823,395.48430086662944,408.63286696668945,26919200
1048,2024-03-06,396.9156188964844,399.94611920290095,393.26325117893276,397.784299256291,22344100
1049,2024-03-07,403.8749084472656,404.5066568048068,397.0636784801651,400.8937526863445,18718500
1050,2024-03-08,400.99249267578125,405.13845633858756,399.1267999900611,402.7100915611558,18002200
1051,2024-03-11,399.3143310546875,400.45940694447387,396.09630359488256,398.5641317733387,16120800
1052,2024-03-12,409.9358825683594,410.22215907857986,401.5551475222323,402.37445324131755,22457000
1053,2024-03-13,409.7582092285156,412.79856038183436,406.15518600344376,412.7196031326607,17115900
1054,2024-03-14,419.7479553222656,422.31450262164736,412.6109854719372,414.8320308055619,34157300
1055,2024-03-15,411.0611877441406,417.16165133292435,407.4778966665496,413.8942494694405,45079900
1056,2024-03-18,411.9496154785156,415.3157366151304,408.45516246098214,408.9191153478435,20106000
1057,2024-03-19,415.9869689941406,416.24363275003464,410.20236440839864,412.45302237396163,19837900
1058,2024-03-20,419.7578430175781,420.4784295685996,415.24664585974097,416.5693981535872,17860100
1059,2024-03-21,423.84454345703125,425.27589583117316,421.6629918116586,424.29861540078343,21296200
1060,2024-03-22,423.22265625,424.3282384659813,420.58703259669744,424.17032397071773,17648500
1061,2024-03-25,417.4183044433594,421.90976968993664,416.18439038520984,419.7676816300529,18060500
1062,2024-03-26,416.223876953125,420.5080228747841,415.9277496341745,420.1329081875438,16725600
1063,2024-03-27,416.0067443847656,418.987900246969,413.61790346357526,418.9780192938283,16705000
1064,2024-03-28,415.30584716796875,416.4410420434957,413.7264311944793,415.54274902029323,21871200
1065,2024-04-01,419.1062927246094,422.3835754753179,416.78652842441346,418.49427621239874,16316000
1066,2024-04-02,416.0165710449219,416.94447677333466,412.4628927366232,414.7036696925523,17912000
1067,2024-04-03,415.03936767578125,417.8132042224073,413.6968534411064,414.32863193386083,16502300
1068,2024-04-04,412.5024108886719,423.1535654935394,412.1964026116657,419.52089960464946,19370900
1069,2024-04-05,420.0440979003906,421.0213783675685,412.9367706496642,414.60502494858775,16554800
1070,2024-04-08,419.1260681152344,421.7814536782747,417.85266032435015,419.698621129678,14272400
1071,2024-04-09,420.7943115234375,422.23551472539157,416.1942762454294,420.9522561397257,12496900
1072,2024-04-10,417.81317138671875,418.5732515840266,414.29898664030566,416.7569337473859,16216600
1073,2024-04-11,422.423095703125,423.8445672043753,416.9247670576537,420.34026309183247,17966400
1074,2024-04-12,416.4706726074219,419.70846193552615,414.36807820345115,418.59299879164644,19253800
1075,2024-04-15,408.3169860839844,421.32736877280126,408.10966683089106,421.1101986920762,20273500
1076,2024-04-16,409.244873046875,413.0157217686464,408.4058355582689,409.23502221897127,16765600
1077,2024-04-17,406.5401611328125,413.4895740933759,405.0495831926222,411.8805452142036,15855500
1078,2024-04-18,399.0675354003906,406.5895007512514,398.7516762985985,405.34570574936373,21029900
1079,2024-04-19,393.98382568359375,400.2619961941858,392.6511924508159,398.8306438099327,30565800
1080,2024-04-22,395.8001708984375,397.66586357799235,390.65722508776963,394.9314905053024,20286900
1081,2024-04-23,402.32513427734375,402.9470318520377,397.87316221870356,399.0379699896353,15734500
1082,2024-04-24,403.7958679199219,407.16198877400103,401.54521009115024,404.28943349750205,15065300
1083,2024-04-25,393.9048767089844,394.74394432686086,383.0365516126927,388.9593393273181,40586500
1084,2024-04-26,401.0911865234375,407.68521620447916,400.53839541992835,406.8659105019104,29694700
1085,2024-04-29,397.07354736328125,401.0911788014965,394.05292813266897,400.0349411285761,19582100
1086,2024-04-30,384.31982421875,396.9847359459567,384.16190971715395,396.323344705487,28781400
1087,2024-05-01,389.85760498046875,396.55035342207367,385.28718262896496,387.5575723765422,23562500
1088,2024-05-02,392.7203063964844,394.7834071649824,389.5713551906569,392.5426299953367,17709400
1089,2024-05-03,401.4267883300781,401.9104729912864,396.68854036623503,397.1031487364524,17446700
1090,2024-05-06,408.21826171875,408.603227237703,401.1405174679132,403.49977559314374,16996600
1091,2024-05-07,404.07232666015625,409.3337534102894,403.82554383275414,409.3238724572391,20018200
1092,2024-05-08,405.25689697265625,406.92515129872777,401.47616718048914,402.91740058487204,11792300
1093,2024-05-09,407.0139465332031,407.4087929910644,403.8353828414113,405.2864669208131,14689700
1094,2024-05-10,409.4028625488281,410.03464109758926,406.50069385578246,407.6260380989411,13402300
1095,2024-05-13,408.39593505859375,412.96635748889184,405.53326050690544,412.63073648454196,15440200
1096,2024-05-14,411.19940185546875,412.117426712038,406.25386452353786,406.71781742817865,15109300
1097,2024-05-15,418.3887939453125,419.1107104287916,412.64321876209584,413.26623802905556,22239500
1098,2024-05-16,416.32196044921875,420.7028625691673,415.6890726034355,417.1229765763839,17530100
1099,2024-05-17,415.55059814453125,418.2305707168696,413.39477777187733,417.8547794230839,15352200
1100,2024-05-20,420.62371826171875,422.0378548149535,415.33303438679826,415.55059617800293,16272100
1101,2024-05-21,424.28271484375,428.1691308622737,420.1391721073256,422.09719809997813,21453300
1102,2024-05-22,425.74627685546875,427.6153345538536,422.39388170740824,425.3210520448661,18073700
1103,2024-05-23,422.2653503417969,428.79217443912484,420.7028829331948,428.16915515912984,17211700
1104,2024-05-24,425.3902587890625,426.2802732796584,419.7040165368459,422.45318984466303,11855300
1105,2024-05-28,425.54852294921875,426.0429788375184,421.8697699331016,424.86617140902985,15718000
1106,2024-05-29,424.4112548828125,426.1616177574726,420.9698312429892,420.9698312429892,15517100
1107,2024-05-30,410.07208251953125,419.59527810803877,409.64682749572347,419.59527810803877,28394500
1108,2024-05-31,410.5269775390625,412.1290098934204,400.0247386123212,412.1290098934204,47995300
1109,2024-06-03,408.9347839355469,411.81252080542527,404.38581394057536,410.92250624898264,17484700
1110,2024-06-04,411.45654296875,411.8224355088356,405.13738203313136,407.856889503619,14348900
1111,2024-06-05,419.3084716796875,419.37767256450087,411.68394052355205,413.17720689100315,16988000
1112,2024-06-06,419.81280517578125,420.5940539083252,415.9164904670929,419.3084807052153,14861300
1113,2024-06-07,419.1502685546875,421.55331696325794,418.30968749669245,421.47421729884104,13621700
1114,2024-06-10,423.1257019042969,423.33336493941925,419.18985211669025,419.99086828849937,13982900
1115,2024-06-11,427.8823547363281,428.0208168757502,420.53474723054455,420.76220781136936,14551100
1116,2024-06-12,436.16943359375,438.4834835709838,428.4460348943523,430.4930895516259,22366200
1117,2024-06-13,436.68365478515625,438.47361288924054,434.498168180252,435.96176849341106,15960600
1118,2024-06-14,437.6626892089844,438.2263761607837,431.877549319742,433.42024926631433,13582000
1119,2024-06-17,443.3984069824219,445.9399177121796,435.83323726976107,437.6824976240565,20790000
1120,2024-06-18,441.390869140625,445.14875191744164,439.95696520327493,444.7234969265718,17112500
1121,2024-06-20,440.75799560546875,441.57877910996035,436.37709345219747,441.35131853440595,19877400
1122,2024-06-21,444.792724609375,445.58384193574466,441.55899405937,442.4193424510746,34187100
1123,2024-06-24,442.7061767578125,447.72983562691786,441.4601381818841,444.8125336268041,15913700
1124,2024-06-25,445.94976806640625,446.4145577985047,441.79632662300793,443.27969425576566,16413400
1125,2024-06-26,447.1463928222656,448.5704283232279,443.2204115082174,444.0214277051093,16507000
1126,2024-06-27,447.8287048339844,451.11189918090986,446.76066321308457,447.1661206636861,14806300
1127,2024-06-28,441.9941101074219,450.33062875420535,441.46008932267114,448.04624507062687,28362300
1128,2024-07-01,451.66571044921875,452.29859832649356,440.718449260987,443.6851847474979,17662800
1129,2024-07-02,454.1874084472656,454.4939686896818,448.08580938726794,448.17483800659534,13979800
1130,2024-07-03,455.6608581542969,455.9080860928665,452.80291887761234,453.10947910710325,9932800
1131,2024-07-05,462.3756103515625,463.15685914326525,453.8808613987244,454.5137492733641,16000300
1132,2024-07-08,461.07025146484375,462.5140844954219,459.3099895783313,461.37681172412664,12962300
1133,2024-07-09,454.44451904296875,462.14811993117183,452.9215864810465,461.8217923289273,17207200
1134,2024-07-10,461.080078125,461.287741130926,453.77200620768855,456.105853502744,18196100
1135,2024-07-11,449.658203125,459.6264206924659,446.54310684217364,457.84639154158754,23111200
1136,2024-07-12,448.5209045410156,451.2997440970952,445.653066550447,449.2922544857781,16324300
1137,2024-07-15,448.9264221191406,452.18984938358506,446.4244763059975,448.27373666625175,14429400
1138,2024-07-16,444.5356140136719,449.26261113120097,441.70734079913353,449.18351146737297,17175700
1139,2024-07-17,438.60211181640625,439.9173812942367,434.3102386061198,437.6824311668857,21778000
1140,2024-07-18,435.487060546875,439.7196016105417,429.5832562189407,439.4130413837652,20794800
1141,2024-07-19,432.26324462890625,436.2485883597653,427.20991955719455,428.297728628943,20940400
1142,2024-07-22,438.028564453125,439.6701615477493,434.04325138518465,436.89132199854777,15808800
1143,2024-07-23,439.91741943359375,443.41817564914504,438.1868237868677,438.97794115369385,13107100
1144,2024-07-24,424.14422607421875,436.5847522773038,422.8487541493976,435.5661744239133,26805800
1145,2024-07-25,413.7607116699219,425.03430071497604,412.8805958173141,424.0453888657749,29943800
1146,2024-07-26,420.55450439453125,424.1640565570156,412.64321010602674,413.5629210032518,23583800
1147,2024-07-29,421.998291015625,427.3581754074755,419.99080151741265,426.79448850827964,15125800
1148,2024-07-30,418.2305908203125,424.2925947905347,412.732213459478,422.97735537825565,32687600
1149,2024-07-31,413.7112731933594,417.1032335524809,407.63934002598563,415.83742760783406,42891400
1150,2024-08-01,412.4849548339844,422.7201972162586,408.50954056683383,416.12417291556886,30296400
1151,2024-08-02,403.9605712890625,410.3983967606497,399.8565933572946,407.91621848675555,29437900
1152,2024-08-05,390.76849365234375,396.59319866894845,381.30460043688157,384.8548203739987,40709200
1153,2024-08-06,395.1790466308594,401.17188015725634,394.08136897243253,395.5647367351895,24946500
1154,2024-08-07,394.0120544433594,405.53286892466696,393.062707726454,404.1088639389028,20650900
1155,2024-08-08,398.2248840332031,401.3597174512935,395.50537665916386,397.97765609010867,20203000
1156,2024-08-09,401.5179443359375,403.5254340135955,397.799656617914,399.5500195790903,19276700
1157,2024-08-12,402.2991943359375,404.22758435718055,399.75768384658,402.54642227818954,16762900
1158,2024-08-13,409.41937255859375,410.34895203900766,405.0286018746959,405.0483692456352,19414300
1159,2024-08-14,412.23779296875,413.08827288112064,407.876718123392,410.20063690456334,18267000
1160,2024-08-15,417.1119689941406,417.191211225686,413.77333444813155,415.89340426982346,20752100
1161,2024-08-16,414.5757751464844,417.4190624715108,413.41664970781534,416.6859584876603,22775600
1162,2024-08-19,417.6072998046875,417.8252537249248,412.58447325666395,415.06120860773046,15234000
1163,2024-08-20,420.8468933105469,421.8970267669262,417.7163261753405,417.7757654099591,16387600
1164,2024-08-21,420.19305419921875,422.4320025414326,417.79556092274566,420.1335847320776,16067300
1165,2024-08-22,411.6829528808594,422.8183759816575,410.7516979364214,420.4109661556474,19361900
1166,2024-08-23,412.9114074707031,415.35842313707064,408.2551330501382,413.09964177069946,18493800
1167,2024-08-26,409.64215087890625,413.3968905070922,407.5121643134923,412.4953551222988,13152800
1168,2024-08-27,409.9888916015625,410.5040417108967,406.43230298651787,409.01800038370646,13492900
1169,2024-08-28,406.7790222167969,411.13807041057737,403.5196300124752,411.019191950483,14882700
1170,2024-08-29,409.27557373046875,418.1224654785976,406.7790352875099,411.0786443893992,17045200
1171,2024-08-30,413.2581787109375,413.60489748199507,408.29479126700903,411.7325012306554,24308300
1172,2024-09-03,405.6298522949219,415.97270258559973,403.24227554701594,414.02103372225025,20313600
1173,2024-09-04,405.0948791503906,407.41310010382534,400.60703533664076,402.13271297104455,15135800
1174,2024-09-05,404.5896301269531,409.2557914736051,402.3506514977997,403.82677622219455,14195500
1175,2024-09-06,397.9618835449219,406.8285787467922,397.070234552708,405.2533785520499,19609500
1176,2024-09-09,401.9444580078125,404.84718480089737,398.40767240518096,403.4503023301037,15295100
1177,2024-09-10,410.3455505371094,412.45570379102855,403.90603822449737,404.4013853254675,19594300
1178,2024-09-11,419.1033020019531,420.0444433948456,405.76853569187716,411.6334589269,19266900
1179,2024-09-12,423.02642822265625,423.39298024346107,415.84389519077274,419.37076416429335,17395700
1180,2024-09-13,426.5830078125,427.8114589338371,421.5007417784194,421.8672937914901,15874600
1181,2024-09-16,427.3260192871094,429.49564193620427,424.2350583167788,426.5929152766965,13834700
1182,2024-09-17,431.1005859375,437.73824933805764,428.24738173228826,436.13332953102315,18874200
1183,2024-09-18,426.8009948730469,431.9724201576507,426.4047232128483,430.9520062716843,18898000
1184,2024-09-19,434.607666015625,437.3915144590669,432.83431483021604,437.12403789377305,21706600
1185,2024-09-20,431.2194519042969,435.1525090726311,430.17923509170157,433.15131768035957,55167100
1186,2024-09-23,429.475830078125,432.39835967664135,426.3848691715516,430.2386536885338,15128900
1187,2024-09-24,425.17620849609375,429.3173026588372,422.1347702936869,428.97055367035426,17015800
1188,2024-09-25,428.0888671875,429.08947802981356,424.58183139807875,425.8300855631319,13396400
1189,2024-09-26,427.2962951660156,431.2491551844422,425.1365891561316,431.0411178765214,14492000
1190,2024-09-27,424.03692626953125,427.8313020370733,423.49205654568107,427.5043560158928,14896100
1191,2024-09-30,426.29571533203125,426.4146240359172,421.4116000312542,424.2251680181162,16807300
1192,2024-10-01,416.7751159667969,424.49263170487137,414.9126061650303,424.4629120903149,19092900
1193,2024-10-02,413.248291015625,418.88534363054407,412.8321861342137,418.6475564553425,16582300
1194,2024-10-03,412.663818359375,415.6457876881329,410.4347561510362,413.7436715344948,13686400
1195,2024-10-04,412.188232421875,415.8438964916741,411.1083793562167,414.34793855319174,19169700
1196,2024-10-07,405.72894287109375,413.2284755742096,405.1939594958407,412.12881943831235,20919800
1197,2024-10-08,410.850830078125,411.79200176890987,404.37171103930166,407.0762871642887,19229300
1198,2024-10-09,413.5751953125,416.46803570058375,410.4445979894132,411.99007853410836,14974300
1199,2024-10-10,411.9702453613281,413.46620317952954,409.3052757201966,411.3659364512592,13848400
1200,2024-10-11,412.44580078125,413.2482606337857,409.4043624478393,412.2674830881502,14144900
1201,2024-10-14,415.23956298828125,420.0939583051494,413.63461305961806,413.8822865985765,16653100
1202,2024-10-15,414.84326171875,418.54847842558434,411.39566540112634,418.2512520382671,18900200
1203,2024-10-16,412.2476501464844,412.48540707078536,406.660150790306,411.3065088320687,15508900
1204,2024-10-17,412.84210205078125,418.5683135090887,411.722612729939,418.429601804324,14820000
1205,2024-10-18,414.2686767578125,415.74480139281076,412.3863638860618,413.25817959093666,17145300
1206,2024-10-21,414.8829345703125,415.06125227829034,409.89974372900497,412.2476842514802,14206100
1207,2024-10-22,423.5317077636719,426.57311612841215,414.1498320229674,414.595626294547,25482200
1208,2024-10-23,420.6487731933594,427.06845240983137,418.59802889539156,426.8504984713963,19654400
1209,2024-10-24,420.7775573730469,422.01592511987707,418.4692229621463,421.3719497046553,13581600
1210,2024-10-25,424.16571044921875,428.4950392124222,422.6004269353124,422.78866124967664,16899100
1211,2024-10-28,422.6202392578125,427.9204593260478,422.33292947161533,427.64306615669506,14882400
1212,2024-10-29,427.9303894042969,429.13903758740884,421.83759563654417,424.017135059726,17644100
1213,2024-10-30,428.5049743652344,434.4194201314416,428.0789831021246,433.3692866656604,29749100
1214,2024-10-31,402.568603515625,412.2873114234298,402.5190506643278,411.4947379049696,53971000
1215,2024-11-01,406.5511474609375,411.6334132123408,403.7078601300334,405.2038179490663,24230400
1216,2024-11-04,404.658935546875,406.6007179042562,401.79584509345045,405.9864621175824,19672300
1217,2024-11-05,407.63104248046875,411.0390330760231,404.28249112047496,404.5698009147436,17626000
1218,2024-11-06,416.2698974609375,416.53740425456203,406.69978749855915,408.5821307366994,26681800
1219,2024-11-07,421.47100830078125,422.87780730764854,415.97266781837374,417.3596335925896,19901800
1220,2024-11-08,418.6079406738281,422.5310812867246,417.8550033981939,421.3620693729889,16891400
1221,2024-11-11,414.1200866699219,420.8567950462537,412.1287816798458,418.58809689323664,24503300
1222,2024-11-12,419.0933532714844,420.49023567836724,413.3176195666668,414.35783635110096,19401200
1223,2024-11-13,421.2431945800781,425.3347363138495,414.31822142109314,417.7163255743709,21502200
1224,2024-11-14,422.91748046875,424.1855678921326,416.0915826132808,421.04505383486753,30246900
1225,2024-11-15,411.1380920410156,418.86549468955633,409.79076244428035,415.91324532993855,28247600
1226,2024-11-18,411.8910217285156,414.5064386408341,408.26507740364855,411.00928939667125,24727000
1227,2024-11-19,413.90216064453125,414.0507587358417,407.7202079437107,409.2656885605185,18133500
1228,2024-11-20,411.6235046386719,413.4067722571845,406.75919271133495,412.9906674094557,19191700
1229,2024-11-21,409.84661865234375,416.70602153771694,407.2855248811401,416.428073141663,20780200
1230,2024-11-22,413.9464111328125,414.3434759719605,408.0499058744426,408.3576333968402,24814600
1231,2024-11-25,415.7232971191406,417.99650611752486,411.812146489521,415.3162958278843,27691100
1232,2024-11-26,424.8559265136719,425.89825580258685,415.78287220202776,416.5174436728799,23458900
1233,2024-11-27,419.8925476074219,424.10151982082925,418.92964944636213,421.99701856707253,18332400
1234,2024-11-29,420.3591003417969,421.76871536801127,414.7405434642979,417.0137828520631,16271900
1235,2024-12-02,427.8240661621094,429.8292633670891,418.22486350993177,418.48296929752263,20207200
1236,2024-12-03,428.04241943359375,429.30310856781665,424.6077345204632,426.69236269283573,18302000
1237,2024-12-04,434.2168884277344,436.45041220115866,429.4619560010729,429.8590208353051,26009400
1238,2024-12-05,439.3787536621094,441.40382352297394,432.9760042447338,434.7131892508136,21697800
1239,2024-12-06,440.3218078613281,442.83327982289535,438.53497082637017,439.06108850071894,18821000
1240,2024-12-09,442.75384521484375,445.04692697507164,437.27427833096584,439.358906375019,19144400
1241,2024-12-10,440.0835876464844,446.32753597079886,438.3662754088612,441.1358533918597,18469500
1242,2024-12-11,445.7021484375,447.05220524938716,440.79832040277716,440.79832040277716,19200200
1243,2024-12-12,446.2679748535156,452.8196506561494,445.8212579806136,445.8212579806136,20834800
1244,2024-12-13,443.9947204589844,448.124261247401,442.3170935669994,445.15616611270633,20177800
1245,2024-12-16,448.2831115722656,448.86878750909034,442.01932060586137,443.99473862109255,23598800
1246,2024-12-17,451.132080078125,451.9560191338881,446.2779042343056,447.70736185197006,22733500
1247,2024-12-18,434.1871337890625,449.3353686126572,433.8198177452418,448.0151211482652,24444500
1248,2024-12-19,433.8297119140625,439.9346705847199,433.12491959024413,438.38609658906347,22963700
1249,2024-12-20,433.40289306640625,440.4905928728717,425.4912541783927,429.93842886665163,64263700
1250,2024-12-23,432.0627746582031,434.44519400818086,429.6604823749245,433.54185407205193,19152500
1251,2024-12-24,436.11285400390625,436.38089623186573,431.010509030067,431.4671320524487,7164500
1252,2024-12-26,434.9018249511719,437.7111185947039,433.4326819773249,435.86472311645826,8194200
1253,2024-12-27,427.3773193359375,432.0329778888151,423.2279358558446,431.4175228637617,18117700
1254,2024-12-30,421.7190246582031,424.4191077458383,418.810487849265,422.9400284711836,13158700
1255,2024-12-31,418.4134521484375,423.6051649635355,417.5796069111211,422.97977346202197,13246500
